albedo_max,albedo_mean,albedo_min,albedo_stdDev,date,pixel_count,timestamp,year,month,season,day_of_year
0.73,0.6826916342412451,0.23,0.07031185839976672,2019-06-01,58,1559347200000,2019,6,Été,152
0.67,0.6583286118980171,0.65,0.009428090415820115,2019-06-01,3,1559347200000,2019,6,Été,152
0.7000000000000001,0.3981203566121842,0.1,0.17586520812420925,2019-06-03,14,1559520000000,2019,6,Été,154
0.08,0.08,0.08,0.0,2019-06-03,1,1559520000000,2019,6,Été,154
0.27,0.2309122203098107,0.19,0.02948538205792877,2019-06-06,7,1559779200000,2019,6,Été,157
0.33,0.31504347826086954,0.29,0.0188561808316417,2019-06-09,3,1560038400000,2019,6,Été,160
0.76,0.5703555941023417,0.17,0.20850153210201816,2019-06-09,15,1560038400000,2019,6,Été,160
0.67,0.5544134788598069,0.18,0.15793781327646902,2019-06-12,67,1560297600000,2019,6,Été,163
0.6900000000000001,0.48932169241101414,0.24,0.18999431440486,2019-06-12,18,1560297600000,2019,6,Été,163
0.61,0.5002964705882352,0.36,0.09604686356149293,2019-06-13,12,1560384000000,2019,6,Été,164
0.71,0.6901702127659574,0.67,0.016329931618555886,2019-06-14,3,1560470400000,2019,6,Été,165
0.81,0.49460869565217397,0.17,0.24361855430159654,2019-06-14,12,1560470400000,2019,6,Été,165
0.75,0.6031242785686806,0.16,0.21069579241681302,2019-06-15,44,1560556800000,2019,6,Été,166
0.78,0.6383352449614943,0.27,0.1404004248913122,2019-06-15,71,1560556800000,2019,6,Été,166
0.73,0.6721067468520957,0.59,0.035655952361080046,2019-06-16,35,1560643200000,2019,6,Été,167
0.7000000000000001,0.46063820224719104,0.14,0.19056373282015004,2019-06-16,58,1560643200000,2019,6,Été,167
0.71,0.4917948985992052,0.11,0.19846427822973364,2019-06-17,69,1560729600000,2019,6,Été,168
0.7000000000000001,0.5905597867479054,0.2,0.14382275332853117,2019-06-17,80,1560729600000,2019,6,Été,168
0.31,0.20175644028103046,0.14,0.06458659745975616,2019-06-18,7,1560816000000,2019,6,Été,169
0.74,0.6136707039213337,0.35000000000000003,0.09306203957509525,2019-06-18,45,1560816000000,2019,6,Été,169
0.76,0.5215605014070093,0.18,0.16994075765133942,2019-06-22,36,1561161600000,2019,6,Été,173
0.55,0.55,0.55,0.0,2019-06-22,1,1561161600000,2019,6,Été,173
0.86,0.8501315789473685,0.84,0.00687184270935835,2019-06-23,6,1561248000000,2019,6,Été,174
0.73,0.6443124139287822,0.24,0.11991881112654042,2019-06-23,27,1561248000000,2019,6,Été,174
0.77,0.6115128167135874,0.24,0.1862027270921653,2019-06-26,46,1561507200000,2019,6,Été,177
0.38,0.2369275362318841,0.18,0.07039570693980952,2019-06-26,6,1561507200000,2019,6,Été,177
0.39,0.303375,0.23,0.0701427116670005,2019-06-28,5,1561680000000,2019,6,Été,179
0.58,0.40582048957388944,0.28,0.0991736692205481,2019-06-28,12,1561680000000,2019,6,Été,179
0.84,0.7400956284153007,0.55,0.07029596354947724,2019-06-30,34,1561852800000,2019,6,Été,181
0.71,0.5609636650868878,0.17,0.20219433344298832,2019-06-30,19,1561852800000,2019,6,Été,181
0.8,0.6542552221800226,0.23,0.15980803914384237,2019-07-07,80,1562457600000,2019,7,Été,188
0.6900000000000001,0.6268490909090909,0.47000000000000003,0.057771100041457135,2019-07-07,32,1562457600000,2019,7,Été,188
0.7000000000000001,0.5702462187829758,0.14,0.16698864516025244,2019-07-08,34,1562544000000,2019,7,Été,189
0.37,0.26415458937198066,0.23,0.05237229365663816,2019-07-08,7,1562544000000,2019,7,Été,189
0.37,0.37,0.37,0.0,2019-07-09,1,1562630400000,2019,7,Été,190
0.48,0.4531707317073171,0.26,0.11,2019-07-10,2,1562716800000,2019,7,Été,191
0.89,0.744059945504087,0.26,0.2061168881912231,2019-07-10,26,1562716800000,2019,7,Été,191
0.32,0.31018867924528304,0.3,0.010000000000000142,2019-07-11,2,1562803200000,2019,7,Été,192
0.36,0.15617283950617283,0.08,0.08936115860185938,2019-07-11,12,1562803200000,2019,7,Été,192
0.73,0.5160430292598969,0.17,0.19710006976153022,2019-07-12,32,1562889600000,2019,7,Été,193
0.71,0.5363648293963255,0.16,0.2100793500878497,2019-07-14,9,1563062400000,2019,7,Été,195
0.72,0.6200514426302841,0.28,0.10675204916065996,2019-07-14,20,1563062400000,2019,7,Été,195
0.76,0.5706390515434105,0.13,0.21776834710678797,2019-07-15,86,1563148800000,2019,7,Été,196
0.72,0.5238575406712591,0.18,0.17867320714674423,2019-07-15,49,1563148800000,2019,7,Été,196
0.77,0.7411611030478956,0.64,0.028658363092605582,2019-07-16,26,1563235200000,2019,7,Été,197
0.72,0.5326366313952218,0.13,0.19542681210337737,2019-07-16,60,1563235200000,2019,7,Été,197
0.93,0.7399425571952066,0.5700000000000001,0.06619605093782638,2019-07-17,65,1563321600000,2019,7,Été,198
0.8300000000000001,0.7808308308308309,0.76,0.024819347291986073,2019-07-20,10,1563580800000,2019,7,Été,201
0.76,0.58382874617737,0.05,0.22674451435976098,2019-07-21,95,1563667200000,2019,7,Été,202
0.72,0.5692115196421081,0.13,0.19549876069197675,2019-07-21,90,1563667200000,2019,7,Été,202
0.74,0.5545325491786657,0.09,0.22795485957539618,2019-07-22,97,1563753600000,2019,7,Été,203
0.73,0.5284949881012476,0.1,0.20777685680128627,2019-07-22,90,1563753600000,2019,7,Été,203
0.65,0.45252869793374884,0.13,0.16160634262715168,2019-07-23,42,1563840000000,2019,7,Été,204
0.7000000000000001,0.4498892191299648,0.11,0.20874865269026271,2019-07-23,30,1563840000000,2019,7,Été,204
0.4,0.2753258246178601,0.21,0.049326829359635074,2019-07-25,13,1564012800000,2019,7,Été,206
0.48,0.3421216973578863,0.1,0.1279877313456254,2019-07-25,16,1564012800000,2019,7,Été,206
0.6900000000000001,0.40360206765212653,0.05,0.19588791208168788,2019-07-26,76,1564099200000,2019,7,Été,207
0.28,0.22037513397642014,0.19,0.030413812651491554,2019-07-26,12,1564099200000,2019,7,Été,207
0.7000000000000001,0.5959426697090704,0.49,0.06522828458019415,2019-07-27,33,1564185600000,2019,7,Été,208
0.71,0.4182287681713849,0.05,0.18359540154411294,2019-07-28,38,1564272000000,2019,7,Été,209
0.66,0.3605275229357798,0.16,0.18253424336271817,2019-07-28,8,1564272000000,2019,7,Été,209
0.68,0.3873809523809523,0.14,0.1503623378530276,2019-07-29,44,1564358400000,2019,7,Été,210
0.73,0.5106517498565691,0.14,0.19339848811873298,2019-07-29,55,1564358400000,2019,7,Été,210
0.52,0.3872676837725381,0.18,0.12841316454477072,2019-07-30,13,1564444800000,2019,7,Été,211
0.18,0.18,0.18,0.0,2019-08-01,1,1564617600000,2019,8,Été,213
0.34,0.21193775100401607,0.1,0.08094483378018943,2019-08-01,11,1564617600000,2019,8,Été,213
0.34,0.2028125,0.15,0.05934831271588309,2019-08-02,6,1564704000000,2019,8,Été,214
0.28,0.26370454545454547,0.23,0.022271057451320256,2019-08-02,5,1564704000000,2019,8,Été,214
0.68,0.5607892659826365,0.13,0.18532874996106236,2019-08-03,39,1564790400000,2019,8,Été,215
0.6900000000000001,0.5146365060979762,0.05,0.1953101096503792,2019-08-04,94,1564876800000,2019,8,Été,216
0.72,0.5467856627722486,0.16,0.1668638464515164,2019-08-04,85,1564876800000,2019,8,Été,216
0.7000000000000001,0.5575442538126361,0.21,0.15259936539711252,2019-08-05,94,1564963200000,2019,8,Été,217
0.66,0.4214702366722448,0.09,0.18213089390147416,2019-08-05,53,1564963200000,2019,8,Été,217
0.22,0.20190476190476192,0.2,0.009999999999999796,2019-08-06,2,1565049600000,2019,8,Été,218
0.68,0.5525397260273972,0.48,0.06321040701937855,2019-08-06,15,1565049600000,2019,8,Été,218
0.72,0.4916337736749957,0.09,0.21002710648755263,2019-08-07,81,1565136000000,2019,8,Été,219
0.72,0.4849047454104606,0.08,0.19231951174189763,2019-08-07,89,1565136000000,2019,8,Été,219
0.72,0.479759702850212,0.09,0.19787805745858383,2019-08-08,84,1565222400000,2019,8,Été,220
0.71,0.490503220326987,0.09,0.18335591950717647,2019-08-08,82,1565222400000,2019,8,Été,220
0.7000000000000001,0.5043365817091453,0.05,0.21016257410639674,2019-08-09,82,1565308800000,2019,8,Été,221
0.54,0.30125680087051143,0.05,0.17030850286930627,2019-08-10,19,1565395200000,2019,8,Été,222
0.79,0.30833931317273194,0.19,0.12486829690229596,2019-08-10,31,1565395200000,2019,8,Été,222
0.21,0.15390953150242326,0.07,0.06020540970730691,2019-08-11,9,1565481600000,2019,8,Été,223
0.65,0.5383192620387743,0.19,0.15339471144729885,2019-08-13,40,1565654400000,2019,8,Été,225
0.25,0.18987486965589154,0.06,0.05806807062789566,2019-08-13,11,1565654400000,2019,8,Été,225
0.46,0.40994134897360707,0.23,0.09354143466934843,2019-08-14,4,1565740800000,2019,8,Été,226
0.5,0.18820697954271962,0.07,0.13076696830622023,2019-08-15,8,1565827200000,2019,8,Été,227
0.4,0.28781676413255364,0.2,0.06815016100086971,2019-08-15,9,1565827200000,2019,8,Été,227
0.73,0.490529411764706,0.11,0.2842534080710378,2019-08-16,7,1565913600000,2019,8,Été,228
0.4,0.27907268170426064,0.22,0.061486222485655724,2019-08-16,6,1565913600000,2019,8,Été,228
0.26,0.26,0.26,0.0,2019-08-17,1,1566000000000,2019,8,Été,229
0.25,0.22884848484848486,0.18,0.03199999999999987,2019-08-18,5,1566086400000,2019,8,Été,230
0.28,0.22771561771561774,0.19,0.02832608098387997,2019-08-19,13,1566172800000,2019,8,Été,231
0.77,0.5534110482818618,0.08,0.21046178752509098,2019-08-19,73,1566172800000,2019,8,Été,231
0.72,0.512690539559642,0.06,0.19329351314056542,2019-08-20,75,1566259200000,2019,8,Été,232
0.75,0.5613621110433191,0.14,0.16993037209676953,2019-08-20,78,1566259200000,2019,8,Été,232
0.79,0.3957167630057804,0.17,0.23209193580705617,2019-08-21,18,1566345600000,2019,8,Été,233
0.77,0.5523456697067911,0.13,0.1716008723025608,2019-08-22,80,1566432000000,2019,8,Été,234
0.77,0.5113000890471949,0.1,0.21151651581833478,2019-08-22,83,1566432000000,2019,8,Été,234
0.72,0.439647988505747,0.12,0.18792197414710954,2019-08-24,28,1566604800000,2019,8,Été,236
0.67,0.46720157657657657,0.24,0.12700906242886065,2019-08-24,19,1566604800000,2019,8,Été,236
0.73,0.5057565568258238,0.1,0.22240103916623724,2019-08-25,15,1566691200000,2019,8,Été,237
0.86,0.77232,0.64,0.08466847110937953,2019-08-26,4,1566777600000,2019,8,Été,238
0.78,0.6599477371288778,0.45,0.09199409535533516,2019-08-26,45,1566777600000,2019,8,Été,238
0.81,0.5539564353722857,0.17,0.20211970869020665,2019-08-28,94,1566950400000,2019,8,Été,240
0.72,0.5066962152162182,0.05,0.1992981434936105,2019-08-28,80,1566950400000,2019,8,Été,240
0.76,0.48121622788088025,0.09,0.2086063595791673,2019-08-29,77,1567036800000,2019,8,Été,241
0.73,0.5612512280075017,0.13,0.19116554018924925,2019-08-29,67,1567036800000,2019,8,Été,241
0.6,0.48013698630136986,0.31,0.0809996712682349,2019-08-31,13,1567209600000,2019,8,Été,243
0.35000000000000003,0.2804294478527608,0.2,0.0655588223176215,2019-09-01,7,1567296000000,2019,9,Automne,244
0.34,0.15444646098003625,0.09,0.07296189073756247,2019-09-01,8,1567296000000,2019,9,Automne,244
0.73,0.4976642784032754,0.06,0.2124262129345798,2019-09-02,62,1567382400000,2019,9,Automne,245
0.88,0.587553447543537,0.1,0.20876355578075004,2019-09-02,45,1567382400000,2019,9,Automne,245
0.74,0.5165754572106656,0.05,0.22207831451489754,2019-09-03,90,1567468800000,2019,9,Automne,246
0.8,0.6236834794687037,0.09,0.19322525714823127,2019-09-03,75,1567468800000,2019,9,Automne,246
0.22,0.15822222222222224,0.11,0.04085033659592044,2019-09-04,8,1567555200000,2019,9,Automne,247
0.28,0.152183908045977,0.06,0.07790218225441439,2019-09-04,4,1567555200000,2019,9,Automne,247
0.8300000000000001,0.5404602539816176,0.07,0.23478987190808961,2019-09-05,90,1567641600000,2019,9,Automne,248
0.85,0.5726045357902194,0.06,0.2224794539682631,2019-09-05,88,1567641600000,2019,9,Automne,248
0.74,0.5042786674292249,0.12,0.19792569528617449,2019-09-06,86,1567728000000,2019,9,Automne,249
0.74,0.5120186011904759,0.05,0.20426936505308013,2019-09-07,86,1567814400000,2019,9,Automne,250
0.61,0.4920382814090814,0.17,0.13146928005292025,2019-09-07,52,1567814400000,2019,9,Automne,250
0.87,0.5651072303921567,0.14,0.23836829580387658,2019-09-11,36,1568160000000,2019,9,Automne,254
0.29,0.21570270270270267,0.16,0.05464373248598618,2019-09-12,8,1568246400000,2019,9,Automne,255
0.22,0.19435593220338984,0.14,0.028284271247461745,2019-09-13,7,1568332800000,2019,9,Automne,256
0.97,0.7525970443349754,0.12,0.3179775053011626,2019-09-13,28,1568332800000,2019,9,Automne,256
0.33,0.26049522154648125,0.13,0.06206090198793077,2019-09-16,15,1568592000000,2019,9,Automne,259
0.7000000000000001,0.5432067932067934,0.11,0.17589168770146352,2019-09-17,36,1568678400000,2019,9,Automne,260
0.42,0.15444743935309976,0.08,0.1088577052853862,2019-09-17,8,1568678400000,2019,9,Automne,260
0.35000000000000003,0.2958569051580699,0.22,0.046216203868340425,2019-09-18,8,1568764800000,2019,9,Automne,261
0.47000000000000003,0.42876678876678886,0.24,0.06870944370551257,2019-09-18,9,1568764800000,2019,9,Automne,261
0.56,0.312972027972028,0.06,0.12609520212918482,2019-09-19,34,1568851200000,2019,9,Automne,262
0.98,0.8609070698088038,0.68,0.0705694363834246,2019-09-20,21,1568937600000,2019,9,Automne,263
0.91,0.7136523747654108,0.07,0.27308258089720844,2019-09-20,39,1568937600000,2019,9,Automne,263
0.91,0.6880324385579714,0.05,0.26293598062657425,2019-09-21,86,1569024000000,2019,9,Automne,264
0.96,0.6980666362391603,0.16,0.2364846168050503,2019-09-21,62,1569024000000,2019,9,Automne,264
0.87,0.6156117455138667,0.27,0.19249507834282711,2019-09-24,57,1569283200000,2019,9,Automne,267
0.91,0.6908390387971541,0.23,0.19551584662372426,2019-09-24,44,1569283200000,2019,9,Automne,267
0.64,0.4062975391498882,0.33,0.09476416471209072,2019-09-25,9,1569369600000,2019,9,Automne,268
0.9400000000000001,0.9400000000000001,0.9400000000000001,0.0,2019-09-26,1,1569456000000,2019,9,Automne,269
0.98,0.8853539116551358,0.71,0.069571303027798,2019-09-26,38,1569456000000,2019,9,Automne,269
0.73,0.6956371986222732,0.65,0.02498979383504846,2019-09-27,14,1569542400000,2019,9,Automne,270
0.98,0.7587587425458294,0.22,0.21137045011003644,2019-09-30,94,1569801600000,2019,9,Automne,273
0.99,0.9388169014084508,0.92,0.024494897427832243,2019-09-30,5,1569801600000,2019,9,Automne,273
0.53,0.5138571428571428,0.46,0.026925824035673097,2020-06-02,4,1591056000000,2020,6,Été,154
0.51,0.39846366145354184,0.28,0.06216108107167968,2020-06-03,10,1591142400000,2020,6,Été,155
0.9,0.8336914062500002,0.45,0.10736229813632957,2020-06-04,43,1591228800000,2020,6,Été,156
0.67,0.6658620689655173,0.63,0.020000000000000285,2020-06-04,2,1591228800000,2020,6,Été,156
0.68,0.68,0.68,0.0,2020-06-05,1,1591315200000,2020,6,Été,157
0.76,0.6873448086431054,0.37,0.07319130064631833,2020-06-05,63,1591315200000,2020,6,Été,157
0.35000000000000003,0.3195855855855856,0.29,0.0188561808316417,2020-06-08,6,1591574400000,2020,6,Été,160
0.63,0.38870435806831555,0.16,0.12275920529722875,2020-06-08,13,1591574400000,2020,6,Été,160
0.71,0.6487916666666667,0.58,0.06499999999999984,2020-06-09,2,1591660800000,2020,6,Été,161
0.79,0.6448413258110014,0.24,0.21073941738748433,2020-06-10,35,1591747200000,2020,6,Été,162
0.71,0.64289933694997,0.59,0.037794210758579125,2020-06-18,13,1592438400000,2020,6,Été,170
0.73,0.6316130468663029,0.3,0.08749866991030471,2020-06-19,57,1592524800000,2020,6,Été,171
0.4,0.37964285714285717,0.37,0.015000000000001025,2020-06-19,2,1592524800000,2020,6,Été,171
0.73,0.6474141267537494,0.23,0.12013332304619936,2020-06-21,28,1592697600000,2020,6,Été,173
0.73,0.5688191013879088,0.18,0.20283041825975875,2020-06-21,28,1592697600000,2020,6,Été,173
0.3,0.24652671755725195,0.19,0.03544009029333872,2020-06-23,5,1592870400000,2020,6,Été,175
0.24,0.24,0.24,0.0,2020-06-23,1,1592870400000,2020,6,Été,175
0.74,0.6657002746174969,0.6,0.037016752964027316,2020-06-24,25,1592956800000,2020,6,Été,176
0.68,0.5571505376344086,0.13,0.16180037979558706,2020-06-25,81,1593043200000,2020,6,Été,177
0.76,0.588210911307528,0.2,0.174480125676202,2020-06-25,62,1593043200000,2020,6,Été,177
0.38,0.2754934210526315,0.23,0.051146847410177755,2020-06-26,10,1593129600000,2020,6,Été,178
0.88,0.7262226325507781,0.3,0.17027568550360916,2020-06-27,46,1593216000000,2020,6,Été,179
0.85,0.6290141883176709,0.19,0.21793118179829138,2020-06-29,40,1593388800000,2020,6,Été,181
0.71,0.5952296418619052,0.16,0.17631046513737908,2020-06-29,57,1593388800000,2020,6,Été,181
0.25,0.25,0.25,0.0,2020-07-04,1,1593820800000,2020,7,Été,186
0.66,0.37436632747456056,0.14,0.17426631917843446,2020-07-05,12,1593907200000,2020,7,Été,187
0.45,0.4070925110132159,0.37,0.035707142142714615,2020-07-05,4,1593907200000,2020,7,Été,187
0.86,0.6971588908450704,0.15,0.1553553716263426,2020-07-06,82,1593993600000,2020,7,Été,188
0.64,0.32351407177898284,0.14,0.12661237647856946,2020-07-06,35,1593993600000,2020,7,Été,188
0.6,0.5444566712517194,0.52,0.029249881291307362,2020-07-07,6,1594080000000,2020,7,Été,189
0.37,0.23195945945945945,0.21,0.06533567172685992,2020-07-10,4,1594339200000,2020,7,Été,192
0.33,0.23687757909215956,0.14,0.0567802782663135,2020-07-11,10,1594425600000,2020,7,Été,193
0.75,0.6047502420135527,0.18,0.20088634910093306,2020-07-14,56,1594684800000,2020,7,Été,196
0.85,0.5784018360108489,0.13,0.24823733440711215,2020-07-14,62,1594684800000,2020,7,Été,196
0.68,0.4589170506912444,0.12,0.19591069393986643,2020-07-17,10,1594944000000,2020,7,Été,199
0.67,0.5586989681471511,0.49,0.06049793384901593,2020-07-17,10,1594944000000,2020,7,Été,199
0.78,0.5149195554818378,0.18,0.20891281585754742,2020-07-18,43,1595030400000,2020,7,Été,200
0.7000000000000001,0.47833985904463594,0.06,0.1740181894139618,2020-07-18,36,1595030400000,2020,7,Été,200
0.79,0.7636206896551724,0.72,0.021758618981912947,2020-07-19,8,1595116800000,2020,7,Été,201
0.76,0.6095369431487864,0.18,0.18729317426926242,2020-07-20,97,1595203200000,2020,7,Été,202
0.71,0.5597882677108257,0.13,0.18648935579706516,2020-07-20,87,1595203200000,2020,7,Été,202
0.21,0.1732375,0.12,0.02869962785565804,2020-07-21,13,1595289600000,2020,7,Été,203
0.16,0.16,0.16,0.0,2020-07-21,1,1595289600000,2020,7,Été,203
0.32,0.29940594059405945,0.28,0.01885618083164072,2020-07-22,3,1595376000000,2020,7,Été,204
0.59,0.5717391304347827,0.5700000000000001,0.009428090415820115,2020-07-23,3,1595462400000,2020,7,Été,205
0.74,0.427840330016986,0.16,0.22168720189888277,2020-07-24,37,1595548800000,2020,7,Été,206
0.68,0.5801219512195123,0.23,0.10953519609547187,2020-07-24,28,1595548800000,2020,7,Été,206
0.73,0.28215261958997717,0.1,0.17297398648351717,2020-07-25,10,1595635200000,2020,7,Été,207
0.36,0.19805555555555557,0.1,0.06538773245460924,2020-07-25,15,1595635200000,2020,7,Été,207
0.76,0.6087470191456018,0.17,0.1943070763702875,2020-07-26,94,1595721600000,2020,7,Été,208
0.75,0.5613510935477273,0.12,0.21183081729573514,2020-07-26,94,1595721600000,2020,7,Été,208
0.74,0.5251410700931398,0.15,0.2024245285302459,2020-07-27,95,1595808000000,2020,7,Été,209
0.71,0.5245562935104423,0.11,0.1853928735018283,2020-07-27,79,1595808000000,2020,7,Été,209
0.68,0.4826852795326401,0.07,0.2162654287607782,2020-07-28,96,1595894400000,2020,7,Été,210
0.71,0.574688659793814,0.17,0.18276167893036105,2020-07-28,92,1595894400000,2020,7,Été,210
0.74,0.5834756885413123,0.18,0.1748169125359084,2020-07-29,95,1595980800000,2020,7,Été,211
0.7000000000000001,0.5105275417922717,0.11,0.1955215431483842,2020-07-29,93,1595980800000,2020,7,Été,211
0.68,0.48715007264927684,0.08,0.20909235506597276,2020-07-30,94,1596067200000,2020,7,Été,212
0.6900000000000001,0.5430337155337155,0.15,0.1818971590839999,2020-07-30,93,1596067200000,2020,7,Été,212
0.78,0.5565384346366369,0.05,0.22129100180674607,2020-07-31,93,1596153600000,2020,7,Été,213
0.6900000000000001,0.49995169082125573,0.11,0.19621115800463518,2020-07-31,92,1596153600000,2020,7,Été,213
0.68,0.5519720780131891,0.15,0.17754956285997,2020-08-01,87,1596240000000,2020,8,Été,214
0.68,0.5450385856601655,0.15,0.17319774272620103,2020-08-01,86,1596240000000,2020,8,Été,214
0.71,0.4955558708761972,0.08,0.19367690516161304,2020-08-02,89,1596326400000,2020,8,Été,215
0.71,0.5285646355546495,0.12,0.20497244797065542,2020-08-02,96,1596326400000,2020,8,Été,215
0.67,0.5999344262295082,0.51,0.05271159641572482,2020-08-03,11,1596412800000,2020,8,Été,216
0.7000000000000001,0.5287368640823994,0.07,0.20354792912074005,2020-08-04,91,1596499200000,2020,8,Été,217
0.72,0.5679840222299409,0.16,0.19361374938422352,2020-08-04,90,1596499200000,2020,8,Été,217
0.7000000000000001,0.5520397874369802,0.18,0.18184694513009123,2020-08-05,94,1596585600000,2020,8,Été,218
0.6900000000000001,0.5088435280325494,0.07,0.19255347181022972,2020-08-05,90,1596585600000,2020,8,Été,218
0.38,0.21302338847689672,0.07,0.0689367298852559,2020-08-08,22,1596844800000,2020,8,Été,221
0.56,0.4862700502753172,0.16,0.11857460182585983,2020-08-08,73,1596844800000,2020,8,Été,221
0.46,0.20522055674518194,0.06,0.10611239324414458,2020-08-09,25,1596931200000,2020,8,Été,222
0.79,0.604332961724266,0.13,0.2518169324843393,2020-08-09,46,1596931200000,2020,8,Été,222
0.8300000000000001,0.6187761173377608,0.05,0.2444970250053027,2020-08-10,93,1597017600000,2020,8,Été,223
0.77,0.5653948252688171,0.13,0.18329413511930948,2020-08-10,72,1597017600000,2020,8,Été,223
0.23,0.21198333333333333,0.17,0.025495097567964017,2020-08-12,8,1597190400000,2020,8,Été,225
0.33,0.25536219816819317,0.18,0.03908033683673543,2020-08-12,11,1597190400000,2020,8,Été,225
0.84,0.6466156765089528,0.1,0.24124942269488936,2020-08-13,45,1597276800000,2020,8,Été,226
0.9,0.4453960396039603,0.15,0.19170626013917866,2020-08-13,47,1597276800000,2020,8,Été,226
0.33,0.33,0.33,0.0,2020-08-14,1,1597363200000,2020,8,Été,227
0.75,0.5367605059159527,0.06,0.22853589731478596,2020-08-15,58,1597449600000,2020,8,Été,228
0.72,0.4248779342723004,0.09,0.2266803572764962,2020-08-15,16,1597449600000,2020,8,Été,228
0.8,0.569850289214018,0.06,0.2301839803721031,2020-08-16,95,1597536000000,2020,8,Été,229
0.96,0.843562813533995,0.79,0.03840835645330033,2020-08-17,51,1597622400000,2020,8,Été,230
0.74,0.5296740376740379,0.13,0.18914948820678518,2020-08-17,75,1597622400000,2020,8,Été,230
0.34,0.15145956607495067,0.1,0.06575687752736413,2020-08-18,11,1597708800000,2020,8,Été,231
0.6900000000000001,0.4450645161290322,0.08,0.19906535224094096,2020-08-18,44,1597708800000,2020,8,Été,231
0.72,0.49696910929491606,0.1,0.19759199001882047,2020-08-19,93,1597795200000,2020,8,Été,232
0.66,0.40140802369033357,0.11,0.15968011831258214,2020-08-19,89,1597795200000,2020,8,Été,232
0.73,0.4465688193085452,0.13,0.18454267799075627,2020-08-22,25,1598054400000,2020,8,Été,235
0.93,0.8233580980683505,0.7000000000000001,0.07824246709114843,2020-08-22,19,1598054400000,2020,8,Été,235
0.23,0.226449864498645,0.21,0.007999999999999143,2020-08-23,5,1598140800000,2020,8,Été,236
0.23,0.1523322884012539,0.08,0.03776241517699837,2020-08-25,20,1598313600000,2020,8,Été,238
0.15,0.10391839876828331,0.06,0.02121320343559624,2020-08-25,16,1598313600000,2020,8,Été,238
0.68,0.3707944424652654,0.11,0.18293455633945763,2020-08-26,17,1598400000000,2020,8,Été,239
0.64,0.4143436960276339,0.17,0.16101717489834713,2020-08-26,7,1598400000000,2020,8,Été,239
0.86,0.5883662723600691,0.05,0.25559002181987256,2020-08-27,83,1598486400000,2020,8,Été,240
0.92,0.7159663093415007,0.22,0.16101972061629624,2020-08-27,78,1598486400000,2020,8,Été,240
0.87,0.6456781952746942,0.15,0.22131499543387076,2020-08-28,86,1598572800000,2020,8,Été,241
0.85,0.6273045477772099,0.14,0.2658929549189793,2020-08-29,31,1598659200000,2020,8,Été,242
0.25,0.2204191616766467,0.17,0.020897042626470866,2020-08-29,13,1598659200000,2020,8,Été,242
0.9500000000000001,0.703709486633546,0.2,0.25349384825557725,2020-08-30,51,1598745600000,2020,8,Été,243
0.76,0.5622839399689494,0.12,0.22399895225702487,2020-08-30,70,1598745600000,2020,8,Été,243
0.38,0.25130284728213975,0.11,0.0719130334153691,2020-08-31,16,1598832000000,2020,8,Été,244
0.75,0.5862287951283166,0.13,0.1894074218919736,2020-09-02,27,1599004800000,2020,9,Automne,246
0.71,0.19071862348178142,0.07,0.21149789820881332,2020-09-02,13,1599004800000,2020,9,Automne,246
0.74,0.5478758806775593,0.14,0.18565680857113478,2020-09-04,79,1599177600000,2020,9,Automne,248
0.6900000000000001,0.6768846153846155,0.65,0.01699673171197719,2020-09-04,3,1599177600000,2020,9,Automne,248
0.67,0.4193966369930763,0.05,0.20015479765447833,2020-09-05,37,1599264000000,2020,9,Automne,249
0.81,0.5438528138528139,0.35000000000000003,0.1603776407555649,2020-09-05,9,1599264000000,2020,9,Automne,249
0.89,0.6916270068807338,0.05,0.28318233305813306,2020-09-07,51,1599436800000,2020,9,Automne,251
0.92,0.7504291943998165,0.34,0.16318106882996536,2020-09-07,56,1599436800000,2020,9,Automne,251
0.9,0.7834012219959267,0.61,0.1246755790040698,2020-09-08,5,1599523200000,2020,9,Automne,252
0.76,0.505397148676171,0.09,0.2626517418560173,2020-09-08,16,1599523200000,2020,9,Automne,252
0.79,0.6222239795149869,0.08,0.2178508976466293,2020-09-09,84,1599609600000,2020,9,Automne,253
0.78,0.5983117938113874,0.13,0.19251620834104533,2020-09-09,81,1599609600000,2020,9,Automne,253
0.17,0.13567272727272728,0.07,0.025276251480171905,2020-09-10,12,1599696000000,2020,9,Automne,254
0.67,0.41712561080770333,0.09,0.16521501142450706,2020-09-10,45,1599696000000,2020,9,Automne,254
0.81,0.5702160648912495,0.11,0.22310359632131638,2020-09-11,87,1599782400000,2020,9,Automne,255
0.77,0.5609133907110178,0.12,0.19082584986197218,2020-09-11,77,1599782400000,2020,9,Automne,255
0.47000000000000003,0.400332350576253,0.27,0.07943215630726148,2020-09-12,26,1599868800000,2020,9,Automne,256
0.47000000000000003,0.38180162913272647,0.26,0.08941793929092764,2020-09-13,19,1599955200000,2020,9,Automne,257
0.51,0.3738814531548756,0.22,0.061394896639161756,2020-09-13,90,1599955200000,2020,9,Automne,257
0.68,0.5048375572930709,0.06,0.19977939062342087,2020-09-14,99,1600041600000,2020,9,Automne,258
0.66,0.5368228621291448,0.17,0.13474190864183483,2020-09-14,72,1600041600000,2020,9,Automne,258
0.74,0.5005501694648063,0.06,0.22892733507117424,2020-09-16,77,1600214400000,2020,9,Automne,260
0.75,0.464709018214127,0.11,0.2304331419137653,2020-09-16,23,1600214400000,2020,9,Automne,260
0.64,0.4960777837692099,0.15,0.13733800783126882,2020-09-17,99,1600300800000,2020,9,Automne,261
0.61,0.46246753246753247,0.18,0.14662878298615206,2020-09-17,96,1600300800000,2020,9,Automne,261
0.54,0.4045331058020477,0.05,0.14277173007801472,2020-09-18,93,1600387200000,2020,9,Automne,262
0.55,0.461436119873817,0.09,0.12208859136979697,2020-09-18,81,1600387200000,2020,9,Automne,262
0.49,0.27459040959040953,0.12,0.09803611748947408,2020-09-20,19,1600560000000,2020,9,Automne,264
0.79,0.6642608695652172,0.16,0.19886788956490697,2020-09-20,8,1600560000000,2020,9,Automne,264
0.2,0.1489454094292804,0.06,0.03893584466786379,2020-09-22,10,1600732800000,2020,9,Automne,266
0.42,0.19425690814040328,0.07,0.07955944453941009,2020-09-22,21,1600732800000,2020,9,Automne,266
0.31,0.24254421768707488,0.21,0.033600595232823084,2020-09-23,10,1600819200000,2020,9,Automne,267
0.53,0.43782426778242683,0.27,0.0688143638106657,2020-09-24,12,1600905600000,2020,9,Automne,268
0.62,0.3971258278145694,0.31,0.09761621596760796,2020-09-24,11,1600905600000,2020,9,Automne,268
0.81,0.6261200716845876,0.48,0.09303762679690451,2020-09-26,10,1601078400000,2020,9,Automne,270
0.99,0.7085215605749486,0.12,0.25891191672620545,2020-09-27,68,1601164800000,2020,9,Automne,271
0.98,0.7180516341133244,0.14,0.22152836815636756,2020-09-27,62,1601164800000,2020,9,Automne,271
0.31,0.2464218455743879,0.2,0.03381937314617169,2020-09-28,8,1601251200000,2020,9,Automne,272
0.62,0.62,0.62,0.0,2020-09-28,1,1601251200000,2020,9,Automne,272
0.33,0.2329824561403509,0.19,0.07,2020-09-29,2,1601337600000,2020,9,Automne,273
0.8300000000000001,0.6210804151422384,0.12,0.22318034045022384,2020-09-30,83,1601424000000,2020,9,Automne,274
0.91,0.6523730532415789,0.12,0.23533558661291798,2020-09-30,88,1601424000000,2020,9,Automne,274
0.72,0.6197541789577186,0.21,0.14865663574652135,2021-06-01,84,1622505600000,2021,6,Été,152
0.65,0.65,0.65,0.0,2021-06-02,1,1622592000000,2021,6,Été,153
0.75,0.6003610771113829,0.09,0.1847984908762764,2021-06-04,87,1622764800000,2021,6,Été,155
0.72,0.584580573951435,0.32,0.10434401501469785,2021-06-05,35,1622851200000,2021,6,Été,156
0.8300000000000001,0.7469466163386357,0.42,0.10475911412690457,2021-06-08,99,1623110400000,2021,6,Été,159
0.86,0.7338114953726254,0.48,0.09579645087371523,2021-06-10,25,1623283200000,2021,6,Été,161
0.71,0.5658777835318487,0.39,0.09659896969815793,2021-06-12,13,1623456000000,2021,6,Été,163
0.79,0.6978170556688571,0.26,0.13119141480678562,2021-06-14,81,1623628800000,2021,6,Été,165
0.7000000000000001,0.5913946562991147,0.14,0.18227076256930555,2021-06-14,73,1623628800000,2021,6,Été,165
0.25,0.22742857142857142,0.14,0.04496912521077341,2021-06-15,3,1623715200000,2021,6,Été,166
0.48,0.3660521235521235,0.18,0.10450943604393922,2021-06-15,12,1623715200000,2021,6,Été,166
0.38,0.30300847457627117,0.25,0.06041522986797286,2021-06-16,4,1623801600000,2021,6,Été,167
0.77,0.618546949172166,0.26,0.11863539108089428,2021-06-16,51,1623801600000,2021,6,Été,167
0.8300000000000001,0.6937979756809998,0.18,0.20060431162801606,2021-06-17,96,1623888000000,2021,6,Été,168
0.74,0.5932033016734505,0.2,0.18274007713341187,2021-06-17,58,1623888000000,2021,6,Été,168
0.78,0.6303174710164465,0.15,0.2108512246945908,2021-06-20,99,1624147200000,2021,6,Été,171
0.8200000000000001,0.6338371299959077,0.2,0.17618348531748057,2021-06-20,95,1624147200000,2021,6,Été,171
0.74,0.6262767475035664,0.26,0.14849940229724506,2021-06-21,96,1624233600000,2021,6,Été,172
0.7000000000000001,0.4819118375433385,0.16,0.15669600789072108,2021-06-21,60,1624233600000,2021,6,Été,172
0.37,0.3363030303030304,0.14,0.07966945601811393,2021-06-22,6,1624320000000,2021,6,Été,173
0.18,0.18,0.18,0.0,2021-06-22,1,1624320000000,2021,6,Été,173
0.76,0.6787345464647868,0.55,0.03903543815686915,2021-06-24,36,1624492800000,2021,6,Été,175
0.66,0.6289261744966443,0.6,0.01924182771683328,2021-06-24,11,1624492800000,2021,6,Été,175
0.8,0.604979198446817,0.12,0.2103282427718183,2021-06-25,93,1624579200000,2021,6,Été,176
0.72,0.5069367811121679,0.12,0.19254295394962237,2021-06-25,84,1624579200000,2021,6,Été,176
0.67,0.5636220365464303,0.08,0.16256886227884637,2021-06-26,96,1624665600000,2021,6,Été,177
0.67,0.5322487185201692,0.16,0.17171554493901345,2021-06-26,85,1624665600000,2021,6,Été,177
0.6900000000000001,0.53641940085592,0.11,0.200089579548136,2021-06-27,96,1624752000000,2021,6,Été,178
0.75,0.6120598531127739,0.21,0.17507351081452519,2021-06-27,93,1624752000000,2021,6,Été,178
0.68,0.5587894844100265,0.19,0.16631094851879819,2021-06-28,96,1624838400000,2021,6,Été,179
0.66,0.524546763576522,0.09,0.17421863099306661,2021-06-28,91,1624838400000,2021,6,Été,179
0.66,0.5084185856939065,0.09,0.1920954217092813,2021-06-29,96,1624924800000,2021,6,Été,180
0.68,0.5723512188478823,0.19,0.17482530244196617,2021-06-29,94,1624924800000,2021,6,Été,180
0.6900000000000001,0.5434651524369634,0.2,0.1660490344982348,2021-06-30,97,1625011200000,2021,6,Été,181
0.66,0.510382993197279,0.08,0.17980968701854233,2021-06-30,95,1625011200000,2021,6,Été,181
0.65,0.5389608710445727,0.17,0.1671658489423941,2021-07-01,95,1625097600000,2021,7,Été,182
0.64,0.5240863119977834,0.13,0.1600400716636271,2021-07-01,91,1625097600000,2021,7,Été,182
0.56,0.304471264367816,0.14,0.1420949408748328,2021-07-02,12,1625184000000,2021,7,Été,183
0.44,0.28181453768038467,0.14,0.09863274582686027,2021-07-02,29,1625184000000,2021,7,Été,183
0.66,0.4232328527741372,0.12,0.2157717312346544,2021-07-03,25,1625270400000,2021,7,Été,184
0.47000000000000003,0.278731884057971,0.11,0.10834772274922687,2021-07-03,21,1625270400000,2021,7,Été,184
0.62,0.4314915157564523,0.14,0.164472610696801,2021-07-04,55,1625356800000,2021,7,Été,185
0.62,0.29320844327176776,0.13,0.13049884623163055,2021-07-04,37,1625356800000,2021,7,Été,185
0.65,0.5189124380137218,0.07,0.18756480361612443,2021-07-06,96,1625529600000,2021,7,Été,187
0.6900000000000001,0.5823553465548965,0.18,0.16932778580569804,2021-07-06,57,1625529600000,2021,7,Été,187
0.67,0.5514453632201185,0.14,0.1565020533783304,2021-07-07,94,1625616000000,2021,7,Été,188
0.63,0.5049435028248584,0.06,0.17061168782105895,2021-07-07,79,1625616000000,2021,7,Été,188
0.62,0.4881319118466067,0.09,0.1963422572173699,2021-07-08,81,1625702400000,2021,7,Été,189
0.65,0.49888387232255343,0.15,0.16886982486957,2021-07-08,65,1625702400000,2021,7,Été,189
0.63,0.47930529172320213,0.12,0.16221004356850188,2021-07-09,94,1625788800000,2021,7,Été,190
0.78,0.5614139821795746,0.2,0.1576413404335029,2021-07-09,94,1625788800000,2021,7,Été,190
0.7000000000000001,0.5000600653652504,0.11,0.1783474930657233,2021-07-10,66,1625875200000,2021,7,Été,191
0.66,0.5190202188062594,0.07,0.16869203830006393,2021-07-10,86,1625875200000,2021,7,Été,191
0.32,0.32,0.32,0.0,2021-07-11,1,1625961600000,2021,7,Été,192
0.64,0.4792738107261891,0.13,0.17114862056527308,2021-07-11,66,1625961600000,2021,7,Été,192
0.65,0.4926377147532042,0.14,0.15819563874424702,2021-07-12,94,1626048000000,2021,7,Été,193
0.6,0.4709178743961352,0.11,0.15992599578731684,2021-07-12,94,1626048000000,2021,7,Été,193
0.59,0.456580469547465,0.06,0.15773135406570787,2021-07-13,95,1626134400000,2021,7,Été,194
0.31,0.21975247524752473,0.13,0.06279217421667398,2021-07-13,7,1626134400000,2021,7,Été,194
0.62,0.4923784922846846,0.12,0.1680679374456118,2021-07-14,96,1626220800000,2021,7,Été,195
0.59,0.4542810008248557,0.06,0.15481336465908893,2021-07-14,91,1626220800000,2021,7,Été,195
0.55,0.4328101522842637,0.05,0.14408701436400617,2021-07-15,96,1626307200000,2021,7,Été,196
0.74,0.45899303695768623,0.14,0.1407154256822287,2021-07-15,38,1626307200000,2021,7,Été,196
0.6,0.39614156626506036,0.15,0.14846706414488844,2021-07-18,45,1626566400000,2021,7,Été,199
0.43,0.2964477611940299,0.18,0.0960324019392528,2021-07-18,6,1626566400000,2021,7,Été,199
0.61,0.48474881052336977,0.05,0.16035978177702023,2021-07-19,87,1626652800000,2021,7,Été,200
0.59,0.4712510471935213,0.14,0.15247367974483164,2021-07-19,87,1626652800000,2021,7,Été,200
0.52,0.3170538348082596,0.12,0.13774092477646824,2021-07-20,42,1626739200000,2021,7,Été,201
0.64,0.4327455086520444,0.17,0.12274759558631813,2021-07-20,60,1626739200000,2021,7,Été,201
0.6,0.4698525194592378,0.08,0.1531613487277814,2021-07-21,91,1626825600000,2021,7,Été,202
0.55,0.44463292837445045,0.13,0.1292865265557092,2021-07-21,82,1626825600000,2021,7,Été,202
0.3,0.24907317073170734,0.22,0.0311247489949719,2021-07-22,4,1626912000000,2021,7,Été,203
0.33,0.33,0.33,0.0,2021-07-22,1,1626912000000,2021,7,Été,203
0.52,0.4355724637681159,0.24,0.09905017667828768,2021-07-23,8,1626998400000,2021,7,Été,204
0.18,0.15253611556982344,0.13,0.018547236990991405,2021-07-24,5,1627084800000,2021,7,Été,205
0.5,0.24160352422907486,0.2,0.09240379612581687,2021-07-25,13,1627171200000,2021,7,Été,206
0.49,0.1723520249221184,0.05,0.1067520491606602,2021-07-25,10,1627171200000,2021,7,Été,206
0.54,0.2887259490379615,0.08,0.16296253159423216,2021-07-26,19,1627257600000,2021,7,Été,207
0.61,0.27449284785435624,0.05,0.15111405316419738,2021-07-26,38,1627257600000,2021,7,Été,207
0.6,0.43744068140336634,0.1,0.17466369915080054,2021-07-27,97,1627344000000,2021,7,Été,208
0.5700000000000001,0.4067997533528594,0.11,0.1597324322005217,2021-07-27,88,1627344000000,2021,7,Été,208
0.53,0.41610148683672077,0.07,0.1428285685708568,2021-07-28,93,1627430400000,2021,7,Été,209
0.49,0.3933211101524303,0.08,0.12399811197894345,2021-07-28,87,1627430400000,2021,7,Été,209
0.51,0.39943409059991847,0.05,0.14766831241699124,2021-07-29,97,1627516800000,2021,7,Été,210
0.55,0.43991886997464685,0.11,0.12824506283736145,2021-07-29,87,1627516800000,2021,7,Été,210
0.54,0.40795551928177914,0.08,0.1519839002338251,2021-07-30,94,1627603200000,2021,7,Été,211
0.52,0.40871007183249275,0.05,0.1504587603032416,2021-07-30,87,1627603200000,2021,7,Été,211
0.37,0.3118501425274875,0.09,0.07746295985731835,2021-07-31,97,1627689600000,2021,7,Été,212
0.44,0.379086085372614,0.16,0.07371295166274378,2021-07-31,86,1627689600000,2021,7,Été,212
0.44,0.3629527612344342,0.14,0.06665376996452399,2021-08-01,97,1627776000000,2021,8,Été,213
0.44,0.3190954198473282,0.24,0.06538215650228141,2021-08-01,24,1627776000000,2021,8,Été,213
0.56,0.4002382083474718,0.09,0.15682803221537564,2021-08-03,94,1627948800000,2021,8,Été,215
0.61,0.43656886550654245,0.06,0.19400854865513142,2021-08-03,98,1627948800000,2021,8,Été,215
0.45,0.34279244234509587,0.06,0.13523669932289104,2021-08-04,32,1628035200000,2021,8,Été,216
0.4,0.3899147442326981,0.38,0.0063245553203329,2021-08-04,10,1628035200000,2021,8,Été,216
0.55,0.4124811269884066,0.05,0.16314879350945075,2021-08-05,99,1628121600000,2021,8,Été,217
0.54,0.3520387390058306,0.05,0.1553050507802548,2021-08-05,71,1628121600000,2021,8,Été,217
0.34,0.2804866180048662,0.18,0.052605578970062725,2021-08-08,7,1628380800000,2021,8,Été,220
0.49,0.27263451191391236,0.07,0.11432044884014024,2021-08-09,39,1628467200000,2021,8,Été,221
0.62,0.4389539748953977,0.06,0.1948186874703101,2021-08-09,36,1628467200000,2021,8,Été,221
0.54,0.35990507364975455,0.24,0.09688643996205397,2021-08-10,13,1628553600000,2021,8,Été,222
0.51,0.39977737328479407,0.08,0.13450728558908343,2021-08-11,90,1628640000000,2021,8,Été,223
0.54,0.4106065573770489,0.05,0.13276333758319153,2021-08-11,85,1628640000000,2021,8,Été,223
0.53,0.38747921314135064,0.08,0.1539118289801363,2021-08-12,97,1628726400000,2021,8,Été,224
0.51,0.3693249830737982,0.11,0.13611422898923287,2021-08-12,96,1628726400000,2021,8,Été,224
0.51,0.38374740904867405,0.09,0.1319137095081415,2021-08-13,88,1628812800000,2021,8,Été,225
0.5,0.37668799109936735,0.09,0.1312658691170773,2021-08-13,90,1628812800000,2021,8,Été,225
0.54,0.43686569688768595,0.12,0.12092599543194897,2021-08-14,82,1628899200000,2021,8,Été,226
0.49,0.3814293617315539,0.06,0.12880297192440746,2021-08-14,92,1628899200000,2021,8,Été,226
0.44,0.25463383838383835,0.22,0.05692953734417832,2021-08-16,12,1629072000000,2021,8,Été,228
0.79,0.5617131988316009,0.09,0.2117280709817831,2021-08-18,96,1629244800000,2021,8,Été,230
0.6900000000000001,0.5664706465688218,0.18,0.12628132174721018,2021-08-18,60,1629244800000,2021,8,Été,230
0.66,0.3698831615120275,0.05,0.18730729742495097,2021-08-20,13,1629417600000,2021,8,Été,232
0.27,0.1659488559892328,0.11,0.04608687448721175,2021-08-20,10,1629417600000,2021,8,Été,232
0.5700000000000001,0.3359223847019123,0.09,0.1558876043166489,2021-08-21,46,1629504000000,2021,8,Été,233
0.67,0.39838709677419376,0.12,0.1738793908236148,2021-08-21,47,1629504000000,2021,8,Été,233
0.25,0.23879120879120877,0.23,0.008164965809277377,2021-08-22,3,1629590400000,2021,8,Été,234
0.98,0.7810487890487888,0.19,0.14999948802685045,2021-08-24,92,1629763200000,2021,8,Été,236
0.79,0.6251165856471945,0.17,0.18969037271300773,2021-08-24,80,1629763200000,2021,8,Été,236
0.74,0.43696620278330023,0.11,0.1917747697870337,2021-08-25,38,1629849600000,2021,8,Été,237
0.8200000000000001,0.6243756885787733,0.17,0.19004231984832623,2021-08-25,60,1629849600000,2021,8,Été,237
0.34,0.26907553551296504,0.25,0.025317429218272163,2021-08-28,12,1630108800000,2021,8,Été,240
0.26,0.24012987012987014,0.19,0.025434495871687765,2021-08-28,9,1630108800000,2021,8,Été,240
0.29,0.19709219858156027,0.08,0.07082372483850304,2021-08-29,5,1630195200000,2021,8,Été,241
0.38,0.29562300319488816,0.2,0.06018490028422603,2021-08-31,9,1630368000000,2021,8,Été,243
0.32,0.251741214057508,0.13,0.07258881320471591,2021-09-02,9,1630540800000,2021,9,Automne,245
0.85,0.6468626057289074,0.1,0.2362956141868707,2021-09-03,90,1630627200000,2021,9,Automne,246
0.8300000000000001,0.6769879951117818,0.17,0.20020566780189375,2021-09-03,87,1630627200000,2021,9,Automne,246
0.17,0.12016949152542374,0.09,0.032998316455372226,2021-09-04,3,1630713600000,2021,9,Automne,247
0.4,0.22598650927487351,0.12,0.08395820145665787,2021-09-05,7,1630800000000,2021,9,Automne,248
0.41000000000000003,0.21788461538461543,0.16,0.10964589468932355,2021-09-05,3,1630800000000,2021,9,Automne,248
0.8200000000000001,0.5852731398930133,0.08,0.2564188317654352,2021-09-06,81,1630886400000,2021,9,Automne,249
0.76,0.5300181192244974,0.11,0.2275491885680835,2021-09-06,34,1630886400000,2021,9,Automne,249
0.81,0.6009791737794468,0.05,0.2380829197701588,2021-09-07,94,1630972800000,2021,9,Automne,250
0.8,0.579506457897395,0.09,0.2172707079972657,2021-09-07,85,1630972800000,2021,9,Automne,250
0.5700000000000001,0.5053691275167785,0.49,0.03112474899497034,2021-09-08,4,1631059200000,2021,9,Automne,251
0.48,0.27594439901880624,0.11,0.13008074415531296,2021-09-09,20,1631145600000,2021,9,Automne,252
0.59,0.39898089171974516,0.15,0.14850874602335484,2021-09-10,19,1631232000000,2021,9,Automne,253
0.22,0.17174011299435027,0.05,0.04972652484064483,2021-09-10,11,1631232000000,2021,9,Automne,253
0.41000000000000003,0.32060439560439563,0.25,0.050497524691810354,2021-09-11,8,1631318400000,2021,9,Automne,254
0.85,0.6246883826021467,0.47000000000000003,0.10442966798547038,2021-09-12,24,1631404800000,2021,9,Automne,255
0.34,0.27241935483870966,0.24,0.03944053188733016,2021-09-13,9,1631491200000,2021,9,Automne,256
0.6900000000000001,0.5543725379853686,0.35000000000000003,0.12061186600920468,2021-09-15,12,1631664000000,2021,9,Automne,258
0.32,0.32,0.32,0.0,2021-09-16,1,1631750400000,2021,9,Automne,259
0.86,0.7069538632573653,0.14,0.29663389332081835,2021-09-16,12,1631750400000,2021,9,Automne,259
0.6900000000000001,0.3798739495798318,0.1,0.14646108276751227,2021-09-18,36,1631923200000,2021,9,Automne,261
0.96,0.876491935483871,0.76,0.06697714162309269,2021-09-19,8,1632009600000,2021,9,Automne,262
0.39,0.3322645739910314,0.3,0.03858612300930078,2021-09-20,3,1632096000000,2021,9,Automne,263
0.67,0.5135185959047223,0.41000000000000003,0.07620112578071203,2021-09-20,11,1632096000000,2021,9,Automne,263
0.85,0.5671240039840638,0.12,0.26935253618949784,2021-09-24,54,1632441600000,2021,9,Automne,267
0.25,0.22942028985507246,0.22,0.01200000000000045,2021-09-24,5,1632441600000,2021,9,Automne,267
0.45,0.3655555555555556,0.14,0.08825114903570652,2021-09-25,14,1632528000000,2021,9,Automne,268
0.27,0.22530303030303028,0.14,0.038438925848781946,2021-09-25,7,1632528000000,2021,9,Automne,268
0.28,0.17937810945273636,0.11,0.059278064145929184,2021-09-26,6,1632614400000,2021,9,Automne,269
0.31,0.2553473132372215,0.13,0.051014401258884255,2021-09-26,9,1632614400000,2021,9,Automne,269
0.92,0.8534305317324185,0.8200000000000001,0.03499559055116544,2021-09-28,9,1632787200000,2021,9,Automne,271
0.97,0.7405465196416262,0.54,0.08833529071290297,2021-09-30,94,1632960000000,2021,9,Automne,273
0.6,0.48362278326199004,0.38,0.04905348367638841,2021-09-30,66,1632960000000,2021,9,Automne,273
0.8200000000000001,0.7736440677966101,0.29,0.24752104287649293,2022-06-01,3,1654041600000,2022,6,Été,152
0.75,0.6505734555128584,0.4,0.1124331349285777,2022-06-01,23,1654041600000,2022,6,Été,152
0.86,0.8119008264462811,0.8,0.022776083947863453,2022-06-06,4,1654473600000,2022,6,Été,157
0.78,0.6628718691429546,0.25,0.15823133440817147,2022-06-07,73,1654560000000,2022,6,Été,158
0.8300000000000001,0.6601193043947156,0.16,0.1886001682581255,2022-06-07,99,1654560000000,2022,6,Été,158
0.73,0.6465638766519826,0.5700000000000001,0.07141428428542768,2022-06-10,4,1654819200000,2022,6,Été,161
0.7000000000000001,0.6330555555555557,0.45,0.0845314268788688,2022-06-10,13,1654819200000,2022,6,Été,161
0.8,0.45831532416502957,0.11,0.20492437629525695,2022-06-11,20,1654905600000,2022,6,Été,162
0.89,0.693447694796441,0.15,0.22411535211121433,2022-06-12,99,1654992000000,2022,6,Été,163
0.97,0.7207559746382702,0.29,0.16025174157563127,2022-06-12,77,1654992000000,2022,6,Été,163
0.75,0.6008276899924755,0.5,0.07312470322826682,2022-06-18,6,1655510400000,2022,6,Été,169
0.68,0.68,0.68,0.0,2022-06-19,1,1655596800000,2022,6,Été,170
0.88,0.7101784439685941,0.3,0.1575238886969335,2022-06-19,28,1655596800000,2022,6,Été,170
0.86,0.6070261044176707,0.24,0.23720712936634583,2022-06-20,30,1655683200000,2022,6,Été,171
0.6900000000000001,0.6291176470588236,0.36,0.08475536015132124,2022-06-20,11,1655683200000,2022,6,Été,171
0.26,0.23376237623762375,0.18,0.03559026084010449,2022-06-22,3,1655856000000,2022,6,Été,173
0.73,0.6550051427102084,0.2,0.10437603109596978,2022-06-25,56,1656115200000,2022,6,Été,176
0.8200000000000001,0.7126691830682123,0.27,0.12621494049017623,2022-06-25,99,1656115200000,2022,6,Été,176
0.99,0.7478773775799269,0.31,0.13149466743375932,2022-06-26,98,1656201600000,2022,6,Été,177
0.77,0.6150394671928955,0.19,0.13262231185578988,2022-06-26,83,1656201600000,2022,6,Été,177
0.77,0.6246410697528931,0.13,0.19213272098261674,2022-06-27,81,1656288000000,2022,6,Été,178
0.71,0.5647956623050728,0.18,0.16162258973447624,2022-06-27,73,1656288000000,2022,6,Été,178
0.73,0.6204239687247238,0.24,0.15119386811824054,2022-07-01,99,1656633600000,2022,7,Été,182
0.73,0.5872886981865284,0.17,0.1579301937189329,2022-07-01,78,1656633600000,2022,7,Été,182
0.77,0.5522936660268714,0.22,0.2407683279733903,2022-07-02,14,1656720000000,2022,7,Été,183
0.35000000000000003,0.21377388535031847,0.16,0.04803789013777466,2022-07-05,24,1656979200000,2022,7,Été,186
0.73,0.5696279152572548,0.11,0.19485492504577723,2022-07-06,39,1657065600000,2022,7,Été,187
0.19,0.17124183006535945,0.14,0.018856180831641332,2022-07-07,6,1657152000000,2022,7,Été,188
0.7000000000000001,0.451891891891892,0.36,0.1700000000000001,2022-07-08,2,1657238400000,2022,7,Été,189
0.61,0.48464285714285715,0.13,0.18673175948402562,2022-07-08,4,1657238400000,2022,7,Été,189
0.79,0.7003112244897959,0.67,0.0357945526581926,2022-07-10,16,1657411200000,2022,7,Été,191
0.29,0.29,0.29,0.0,2022-07-10,1,1657411200000,2022,7,Été,191
0.68,0.5054808648111334,0.18,0.1826919006921555,2022-07-11,55,1657497600000,2022,7,Été,192
0.6900000000000001,0.3842433110367894,0.07,0.17859085608605782,2022-07-11,35,1657497600000,2022,7,Été,192
0.77,0.6269896921198967,0.22,0.16055111536225572,2022-07-12,97,1657584000000,2022,7,Été,193
0.81,0.5819822700188924,0.11,0.2094614824118624,2022-07-12,93,1657584000000,2022,7,Été,193
0.71,0.5322825478562633,0.11,0.2023515882799767,2022-07-13,58,1657670400000,2022,7,Été,194
0.28,0.18115407147041593,0.11,0.04074448946238145,2022-07-14,23,1657756800000,2022,7,Été,195
0.63,0.36458964424092993,0.24,0.12520052502990586,2022-07-14,27,1657756800000,2022,7,Été,195
0.74,0.5598374959974383,0.17,0.18574453054811152,2022-07-15,83,1657843200000,2022,7,Été,196
0.71,0.4916800062164892,0.14,0.1687007953152848,2022-07-15,79,1657843200000,2022,7,Été,196
0.4,0.1387627551020408,0.07,0.09049247973665482,2022-07-16,12,1657929600000,2022,7,Été,197
0.43,0.2864362519201229,0.17,0.10379517088959395,2022-07-16,8,1657929600000,2022,7,Été,197
0.6900000000000001,0.6407844630616908,0.6,0.03253203549323705,2022-07-17,6,1658016000000,2022,7,Été,198
0.67,0.5351031561688754,0.05,0.19042484844760235,2022-07-18,94,1658102400000,2022,7,Été,199
0.68,0.5398500136351237,0.08,0.17544991637294613,2022-07-18,94,1658102400000,2022,7,Été,199
0.67,0.5128941916673061,0.05,0.20086361955918297,2022-07-20,89,1658275200000,2022,7,Été,201
0.6900000000000001,0.5392715133531156,0.11,0.17201931943390292,2022-07-20,84,1658275200000,2022,7,Été,201
0.76,0.5745292721518984,0.17,0.19874638607108364,2022-07-21,63,1658361600000,2022,7,Été,202
0.72,0.42043279823733076,0.1,0.21592571623258672,2022-07-21,48,1658361600000,2022,7,Été,202
0.68,0.5361378404030078,0.12,0.18010040817497638,2022-07-22,88,1658448000000,2022,7,Été,203
0.66,0.4669584748548263,0.15,0.18320678919869463,2022-07-22,57,1658448000000,2022,7,Été,203
0.7000000000000001,0.5300502683241627,0.09,0.20500000000000004,2022-07-23,96,1658534400000,2022,7,Été,204
0.6900000000000001,0.5573427812223204,0.16,0.17946061228750826,2022-07-23,94,1658534400000,2022,7,Été,204
0.18,0.12737717908082408,0.1,0.019911915402592458,2022-07-24,16,1658620800000,2022,7,Été,205
0.36,0.36,0.36,0.0,2022-07-26,1,1658793600000,2022,7,Été,207
0.7000000000000001,0.5366208597603948,0.16,0.15856262611783364,2022-07-26,68,1658793600000,2022,7,Été,207
0.65,0.5118189363026489,0.05,0.18717736690571418,2022-07-27,94,1658880000000,2022,7,Été,208
0.66,0.5084246107620869,0.12,0.17721978600592145,2022-07-27,92,1658880000000,2022,7,Été,208
0.79,0.5758039647577092,0.09,0.20017359357584644,2022-07-28,87,1658966400000,2022,7,Été,209
0.75,0.6049711905588336,0.18,0.1906843646910205,2022-07-28,92,1658966400000,2022,7,Été,209
0.55,0.46511243880175906,0.24,0.06870237843912547,2022-07-29,69,1659052800000,2022,7,Été,210
0.73,0.6269943899018232,0.2,0.13492867599277875,2022-07-30,49,1659139200000,2022,7,Été,211
0.2,0.18134416543574589,0.14,0.01907878402833914,2022-07-30,10,1659139200000,2022,7,Été,211
0.68,0.5318198630136985,0.1,0.18393760975552587,2022-07-31,93,1659225600000,2022,7,Été,212
0.64,0.22544384057971012,0.11,0.1547528271147251,2022-07-31,16,1659225600000,2022,7,Été,212
0.29,0.2883225806451613,0.28,0.004714045207908094,2022-08-01,3,1659312000000,2022,8,Été,213
0.46,0.31370106761565836,0.2,0.0916515138991168,2022-08-02,6,1659398400000,2022,8,Été,214
0.6900000000000001,0.557546719123226,0.23,0.08941369966946587,2022-08-02,34,1659398400000,2022,8,Été,214
0.37,0.29222772277227715,0.18,0.06964194138592054,2022-08-04,4,1659571200000,2022,8,Été,216
0.81,0.6574761336515512,0.15,0.20827999317158563,2022-08-05,12,1659657600000,2022,8,Été,217
0.76,0.6990725946509204,0.58,0.05027394092173918,2022-08-05,18,1659657600000,2022,8,Été,217
0.87,0.6090580802641968,0.13,0.2478356252830681,2022-08-06,89,1659744000000,2022,8,Été,218
0.87,0.652901250318959,0.16,0.22409546070861017,2022-08-06,35,1659744000000,2022,8,Été,218
0.74,0.48767846167354467,0.06,0.22503191213399268,2022-08-07,69,1659830400000,2022,8,Été,219
0.39,0.18796730632551525,0.07,0.08020302956595267,2022-08-07,17,1659830400000,2022,8,Été,219
0.7000000000000001,0.5409050455261175,0.14,0.1825202858801605,2022-08-08,93,1659916800000,2022,8,Été,220
0.7000000000000001,0.4934815642458099,0.09,0.2146429996155259,2022-08-08,90,1659916800000,2022,8,Été,220
0.67,0.509178091629349,0.06,0.18864199380519805,2022-08-09,93,1660003200000,2022,8,Été,221
0.67,0.474673684210526,0.09,0.18755806392621413,2022-08-09,96,1660003200000,2022,8,Été,221
0.67,0.49974099938978916,0.09,0.19430124824419379,2022-08-10,95,1660089600000,2022,8,Été,222
0.7000000000000001,0.41211639593315413,0.07,0.20884261223799724,2022-08-10,52,1660089600000,2022,8,Été,222
0.63,0.42978341793570213,0.19,0.13838363250110114,2022-08-11,41,1660176000000,2022,8,Été,223
0.64,0.4784887814981014,0.09,0.1768880862628353,2022-08-12,90,1660262400000,2022,8,Été,224
0.64,0.48672882994888794,0.1,0.16567355634719433,2022-08-12,88,1660262400000,2022,8,Été,224
0.73,0.5792222374366693,0.19,0.17777839200957546,2022-08-13,93,1660348800000,2022,8,Été,225
0.5700000000000001,0.36480243161094217,0.23,0.1298099275246334,2022-08-14,18,1660435200000,2022,8,Été,226
0.24,0.23151603498542275,0.22,0.007071067811865086,2022-08-14,4,1660435200000,2022,8,Été,226
0.71,0.5333402275077559,0.14,0.18380118733075493,2022-08-15,91,1660521600000,2022,8,Été,227
0.7000000000000001,0.6252454780361759,0.5700000000000001,0.03917399219743653,2022-08-15,29,1660521600000,2022,8,Été,227
0.43,0.307468694096601,0.16,0.09619938143072604,2022-08-16,9,1660608000000,2022,8,Été,228
0.1,0.07949640287769784,0.05,0.024999999999999994,2022-08-16,2,1660608000000,2022,8,Été,228
0.65,0.4642415596766525,0.07,0.19672800950099142,2022-08-17,96,1660694400000,2022,8,Été,229
0.66,0.5003221329437545,0.12,0.17130381355881186,2022-08-17,85,1660694400000,2022,8,Été,229
0.68,0.4893783050847458,0.09,0.1934353091774232,2022-08-18,95,1660780800000,2022,8,Été,230
0.63,0.4394561271319952,0.06,0.18946590503571487,2022-08-18,93,1660780800000,2022,8,Été,230
0.46,0.4423474178403756,0.4,0.01885618083164023,2022-08-19,9,1660867200000,2022,8,Été,231
0.63,0.46621172772006547,0.08,0.17675659855401485,2022-08-19,93,1660867200000,2022,8,Été,231
0.6900000000000001,0.5657930513595167,0.17,0.1729897216223611,2022-08-20,65,1660953600000,2022,8,Été,232
0.13,0.11338383838383836,0.1,0.010198039027185498,2022-08-21,5,1661040000000,2022,8,Été,233
0.72,0.5920931456387318,0.1,0.19041336224306837,2022-08-21,52,1661040000000,2022,8,Été,233
0.72,0.459045605766565,0.1,0.19627052291149014,2022-08-22,93,1661126400000,2022,8,Été,234
0.7000000000000001,0.5385327407818901,0.14,0.18532405845359085,2022-08-22,91,1661126400000,2022,8,Été,234
0.72,0.41443531827515406,0.07,0.22795198918851325,2022-08-24,16,1661299200000,2022,8,Été,236
0.59,0.3418430335097002,0.07,0.2297573279616259,2022-08-24,11,1661299200000,2022,8,Été,236
0.68,0.5038830162085974,0.11,0.1887167827780009,2022-08-25,92,1661385600000,2022,8,Été,237
0.61,0.4672035541195476,0.14,0.13773378509122436,2022-08-25,75,1661385600000,2022,8,Été,237
0.43,0.4029586426299045,0.38,0.02499999999999918,2022-08-26,4,1661472000000,2022,8,Été,238
0.35000000000000003,0.20447350309704057,0.11,0.07331860121381614,2022-08-28,18,1661644800000,2022,8,Été,240
0.27,0.27,0.27,0.0,2022-08-29,1,1661731200000,2022,8,Été,241
0.47000000000000003,0.30323681327281266,0.07,0.11405690608574222,2022-08-30,43,1661817600000,2022,8,Été,242
0.64,0.4776120338451896,0.13,0.20528210039051306,2022-08-30,27,1661817600000,2022,8,Été,242
0.6,0.3760506566604126,0.05,0.18419345131858136,2022-08-31,68,1661904000000,2022,8,Été,243
0.67,0.501489877388081,0.13,0.18205153048671768,2022-08-31,89,1661904000000,2022,8,Été,243
0.67,0.3195612134344529,0.05,0.1665759725488437,2022-09-01,31,1661990400000,2022,9,Automne,244
0.61,0.4029106098579781,0.09,0.1613129743577562,2022-09-01,67,1661990400000,2022,9,Automne,244
0.62,0.4575296132438989,0.08,0.1726165019556494,2022-09-02,85,1662076800000,2022,9,Automne,245
0.65,0.4719172490140455,0.11,0.17774421490893638,2022-09-02,89,1662076800000,2022,9,Automne,245
0.6,0.40273955939991907,0.09,0.16722157949227226,2022-09-03,97,1662163200000,2022,9,Automne,246
0.66,0.48717398729421396,0.05,0.17491600519332992,2022-09-03,94,1662163200000,2022,9,Automne,246
0.56,0.27537922987164537,0.08,0.15013660446406804,2022-09-04,10,1662249600000,2022,9,Automne,247
0.58,0.3245713090757005,0.1,0.14313273772767118,2022-09-04,19,1662249600000,2022,9,Automne,247
0.36,0.24135198135198133,0.16,0.06814690014960331,2022-09-05,10,1662336000000,2022,9,Automne,248
0.23,0.1453822629969419,0.06,0.05275730597114808,2022-09-06,12,1662422400000,2022,9,Automne,249
0.53,0.3282726537216828,0.08,0.1499196460675129,2022-09-06,19,1662422400000,2022,9,Automne,249
0.78,0.25298565840938725,0.05,0.21422163544074882,2022-09-07,11,1662508800000,2022,9,Automne,250
0.32,0.3093839541547278,0.26,0.024874685927664966,2022-09-08,4,1662595200000,2022,9,Automne,251
0.79,0.5558120690880656,0.08,0.21499292503483713,2022-09-09,86,1662681600000,2022,9,Automne,252
0.79,0.5793428818194902,0.11,0.19722904683958842,2022-09-09,86,1662681600000,2022,9,Automne,252
0.74,0.5331055814276777,0.14,0.18629708183887084,2022-09-10,89,1662768000000,2022,9,Automne,253
0.6900000000000001,0.4532528891910267,0.06,0.19986281510558265,2022-09-10,94,1662768000000,2022,9,Automne,253
0.61,0.3968098663926003,0.07,0.1539259390323615,2022-09-11,92,1662854400000,2022,9,Automne,254
0.54,0.45541320942582136,0.32,0.06176658571680128,2022-09-11,45,1662854400000,2022,9,Automne,254
0.72,0.5751535087719299,0.05,0.21356960535469746,2022-09-12,65,1662940800000,2022,9,Automne,255
0.7000000000000001,0.47753635482307294,0.06,0.22752761266435734,2022-09-12,53,1662940800000,2022,9,Automne,255
0.59,0.5083943999999999,0.29,0.07022174402087415,2022-09-13,75,1663027200000,2022,9,Automne,256
0.71,0.6754207119741101,0.62,0.027994168488950682,2022-09-14,7,1663113600000,2022,9,Automne,257
0.35000000000000003,0.30741394527802285,0.26,0.023786894007638924,2022-09-16,14,1663286400000,2022,9,Automne,259
0.96,0.7461959465770054,0.05,0.2692581964051622,2022-09-17,65,1663372800000,2022,9,Automne,260
0.86,0.6030027422303474,0.08,0.24524686078984306,2022-09-17,88,1663372800000,2022,9,Automne,260
0.9,0.6484687240520343,0.05,0.2638586676666795,2022-09-18,92,1663459200000,2022,9,Automne,261
0.9400000000000001,0.714875611001678,0.14,0.23134805943248057,2022-09-18,84,1663459200000,2022,9,Automne,261
0.78,0.6446153846153846,0.5700000000000001,0.09364160400164076,2022-09-19,4,1663545600000,2022,9,Automne,262
0.91,0.7071286060932864,0.21,0.21764079010844675,2022-09-20,99,1663632000000,2022,9,Automne,263
0.91,0.7120359932088282,0.18,0.19863072941180757,2022-09-20,96,1663632000000,2022,9,Automne,263
0.9500000000000001,0.7570047239444935,0.27,0.1823713572537677,2022-09-21,83,1663718400000,2022,9,Automne,264
0.98,0.776450074921673,0.2,0.20890020056979114,2022-09-21,94,1663718400000,2022,9,Automne,264
0.38,0.3081790744466801,0.22,0.04657500154837128,2022-09-22,13,1663804800000,2022,9,Automne,265
0.72,0.41013017089921744,0.1,0.160395555970233,2022-09-22,80,1663804800000,2022,9,Automne,265
0.97,0.6963051771117166,0.07,0.2639072949992064,2022-09-24,62,1663977600000,2022,9,Automne,267
0.81,0.5344665187575633,0.07,0.24968429770554282,2022-09-24,65,1663977600000,2022,9,Automne,267
0.81,0.46987952676381467,0.05,0.20915139796385146,2022-09-25,81,1664064000000,2022,9,Automne,268
0.26,0.2495729537366548,0.19,0.03091206165165259,2022-09-26,3,1664150400000,2022,9,Automne,269
0.77,0.5584918793503479,0.06,0.22307989438766382,2022-09-27,83,1664236800000,2022,9,Automne,270
0.8200000000000001,0.5962819916240111,0.06,0.2028490392758579,2022-09-27,79,1664236800000,2022,9,Automne,270
0.71,0.5166363573741131,0.11,0.1940654440118824,2022-09-28,94,1664323200000,2022,9,Automne,271
0.66,0.3859326056003798,0.14,0.19674962939397544,2022-09-28,24,1664323200000,2022,9,Automne,271
0.97,0.6793913612565443,0.18,0.21273922775300166,2022-09-30,84,1664496000000,2022,9,Automne,273
0.73,0.6305747398297069,0.3,0.10638994718335903,2022-09-30,21,1664496000000,2022,9,Automne,273
0.7000000000000001,0.527757571027162,0.13,0.17952242636662716,2023-06-02,77,1685664000000,2023,6,Été,153
0.8,0.5948989452194622,0.14,0.2140942397410638,2023-06-02,95,1685664000000,2023,6,Été,153
0.7000000000000001,0.5608936257429799,0.18,0.1636046048466411,2023-06-03,94,1685750400000,2023,6,Été,154
0.7000000000000001,0.5799293891821483,0.21,0.16529549517246325,2023-06-03,94,1685750400000,2023,6,Été,154
0.73,0.5058641304347823,0.11,0.19772218460187216,2023-06-04,85,1685836800000,2023,6,Été,155
0.68,0.5137610889144714,0.14,0.17984947409801588,2023-06-04,96,1685836800000,2023,6,Été,155
0.71,0.5307467266775774,0.1,0.17818922992720285,2023-06-05,95,1685923200000,2023,6,Été,156
0.61,0.40061599602583214,0.19,0.14402555111854293,2023-06-05,16,1685923200000,2023,6,Été,156
0.65,0.5190150125670807,0.11,0.18264165806413488,2023-06-06,96,1686009600000,2023,6,Été,157
0.66,0.5052244870318953,0.14,0.16918356724895928,2023-06-06,96,1686009600000,2023,6,Été,157
0.75,0.5562416061395092,0.1,0.21000234796207431,2023-06-07,95,1686096000000,2023,6,Été,158
0.65,0.5145679012345679,0.16,0.16123082636794833,2023-06-07,89,1686096000000,2023,6,Été,158
0.65,0.4618885144622297,0.07,0.1812242707421405,2023-06-08,94,1686182400000,2023,6,Été,159
0.65,0.48571923243399223,0.1,0.17344213109710693,2023-06-08,90,1686182400000,2023,6,Été,159
0.68,0.5317548233253847,0.2,0.14110319449104813,2023-06-09,51,1686268800000,2023,6,Été,160
0.67,0.4451352611940299,0.11,0.2200355961662725,2023-06-09,36,1686268800000,2023,6,Été,160
0.7000000000000001,0.6058383454679748,0.1,0.17999321818821423,2023-06-11,64,1686441600000,2023,6,Été,162
0.68,0.5685947533816091,0.17,0.16454004573144454,2023-06-12,96,1686528000000,2023,6,Été,163
0.67,0.5290274365274363,0.16,0.1633431371688707,2023-06-12,93,1686528000000,2023,6,Été,163
0.73,0.39567340067340073,0.18,0.23264183248552311,2023-06-13,6,1686614400000,2023,6,Été,164
0.85,0.7494166818099218,0.27,0.12309162495010602,2023-06-22,73,1687392000000,2023,6,Été,173
0.8,0.6215902827396144,0.39,0.11554171925710932,2023-06-22,60,1687392000000,2023,6,Été,173
0.91,0.8115986394557824,0.76,0.06847546194724767,2023-06-24,3,1687564800000,2023,6,Été,175
0.8,0.674034074775201,0.22,0.19374157689780058,2023-06-24,67,1687564800000,2023,6,Été,175
0.74,0.5801124054772124,0.15,0.17517956754834857,2023-06-25,38,1687651200000,2023,6,Été,176
0.6900000000000001,0.6809973045822102,0.68,0.004000000000002,2023-06-25,10,1687651200000,2023,6,Été,176
0.32,0.2642443729903537,0.14,0.06767980168082313,2023-06-26,6,1687737600000,2023,6,Été,177
0.67,0.573516032492518,0.16,0.11504174058194781,2023-06-27,68,1687824000000,2023,6,Été,178
0.68,0.556177050797304,0.22,0.14171681605670625,2023-06-27,74,1687824000000,2023,6,Été,178
0.6900000000000001,0.5394266693838732,0.1,0.2060768422956731,2023-06-28,96,1687910400000,2023,6,Été,179
0.68,0.5088616321949655,0.14,0.20100735583702287,2023-06-28,52,1687910400000,2023,6,Été,179
0.68,0.4941485705929663,0.06,0.19723454592283146,2023-06-30,83,1688083200000,2023,6,Été,181
0.66,0.43090094574415133,0.11,0.1820361806142717,2023-06-30,76,1688083200000,2023,6,Été,181
0.26,0.2521189591078067,0.25,0.004714045207910057,2023-07-01,3,1688169600000,2023,7,Été,182
0.74,0.573724217217826,0.18,0.18050995350941754,2023-07-04,96,1688428800000,2023,7,Été,185
0.62,0.44799463147298957,0.12,0.16352489831106165,2023-07-05,61,1688515200000,2023,7,Été,186
0.65,0.518454606461509,0.18,0.12410259685217866,2023-07-05,55,1688515200000,2023,7,Été,186
0.58,0.45765097479790773,0.05,0.15525167180169872,2023-07-07,96,1688688000000,2023,7,Été,188
0.5700000000000001,0.4461577708006283,0.13,0.15695311462460035,2023-07-07,82,1688688000000,2023,7,Été,188
0.66,0.5151402006003367,0.05,0.16498763095258637,2023-07-08,84,1688774400000,2023,7,Été,189
0.63,0.5173916930270939,0.19,0.1472156513931956,2023-07-08,92,1688774400000,2023,7,Été,189
0.6,0.3549078925130977,0.09,0.17747233184761088,2023-07-09,42,1688860800000,2023,7,Été,190
0.64,0.4923196016914474,0.16,0.15773456895084487,2023-07-09,93,1688860800000,2023,7,Été,190
0.64,0.49847416097416086,0.15,0.15796537982890277,2023-07-10,84,1688947200000,2023,7,Été,191
0.64,0.48127069564624914,0.09,0.19104537772814634,2023-07-10,94,1688947200000,2023,7,Été,191
0.5700000000000001,0.4450202131569274,0.09,0.13432886676984276,2023-07-12,83,1689120000000,2023,7,Été,193
0.52,0.4187714878482513,0.11,0.11406374770145396,2023-07-12,83,1689120000000,2023,7,Été,193
0.6,0.44927075306479836,0.26,0.09153493422124967,2023-07-13,94,1689206400000,2023,7,Été,194
0.56,0.4619737544823376,0.25,0.09855774443767669,2023-07-13,86,1689206400000,2023,7,Été,194
0.5,0.37919666575066413,0.18,0.08156443798754853,2023-07-14,62,1689292800000,2023,7,Été,195
0.37,0.32296906693711963,0.09,0.07716212189640438,2023-07-14,48,1689292800000,2023,7,Été,195
0.52,0.44783915392223994,0.17,0.1119619773628528,2023-07-15,80,1689379200000,2023,7,Été,196
0.6,0.442600623793257,0.19,0.14535792245293944,2023-07-15,44,1689379200000,2023,7,Été,196
0.6900000000000001,0.46645252272015036,0.13,0.18568399353349094,2023-07-16,55,1689465600000,2023,7,Été,197
0.6,0.33966060465655035,0.09,0.13876231064048666,2023-07-16,51,1689465600000,2023,7,Été,197
0.36,0.36,0.36,0.0,2023-07-18,1,1689638400000,2023,7,Été,199
0.52,0.4249144869215291,0.31,0.07581845092060381,2023-07-18,8,1689638400000,2023,7,Été,199
0.62,0.45678363532016075,0.12,0.17511971778059568,2023-07-19,75,1689724800000,2023,7,Été,200
0.63,0.4692187073902372,0.05,0.18877212185126785,2023-07-19,94,1689724800000,2023,7,Été,200
0.62,0.4891921349142055,0.05,0.15921678657698118,2023-07-20,82,1689811200000,2023,7,Été,201
0.68,0.5167413057168846,0.12,0.15628926725372005,2023-07-20,89,1689811200000,2023,7,Été,201
0.62,0.5051066144473458,0.23,0.12147463689572802,2023-07-21,31,1689897600000,2023,7,Été,202
0.62,0.3740429629629631,0.09,0.17386317848043709,2023-07-22,49,1689984000000,2023,7,Été,203
0.22,0.1600843373493976,0.1,0.05506449641495044,2023-07-22,9,1689984000000,2023,7,Été,203
0.68,0.5141783345615328,0.08,0.18402717190675943,2023-07-23,40,1690070400000,2023,7,Été,204
0.63,0.4421869425615413,0.07,0.19085314469378303,2023-07-23,72,1690070400000,2023,7,Été,204
0.6,0.43473462690826087,0.05,0.16971898876493535,2023-07-24,84,1690156800000,2023,7,Été,205
0.5700000000000001,0.3083987754558765,0.07,0.1401568785942522,2023-07-24,45,1690156800000,2023,7,Été,205
0.19,0.14999999999999997,0.09,0.028256636388643206,2023-07-25,8,1690243200000,2023,7,Été,206
0.27,0.21095623987034037,0.1,0.04475209492303092,2023-07-25,20,1690243200000,2023,7,Été,206
0.64,0.4714139233675122,0.16,0.16105783141495025,2023-07-29,79,1690588800000,2023,7,Été,210
0.65,0.4741592195920592,0.05,0.2000756986665841,2023-07-29,94,1690588800000,2023,7,Été,210
0.61,0.45744782251437976,0.1,0.17465953275144316,2023-07-30,42,1690675200000,2023,7,Été,211
0.68,0.5886773065150853,0.3,0.1203343413581989,2023-07-30,51,1690675200000,2023,7,Été,211
0.43,0.22284249384741583,0.08,0.09340691661223989,2023-07-31,26,1690761600000,2023,7,Été,212
0.59,0.3395274831243973,0.14,0.13357019588934088,2023-07-31,19,1690761600000,2023,7,Été,212
0.18,0.12848996832101375,0.05,0.0579885046079537,2023-08-01,15,1690848000000,2023,8,Été,213
0.59,0.39651159451504037,0.12,0.1422100864133274,2023-08-01,88,1690848000000,2023,8,Été,213
0.6,0.4439837342339234,0.06,0.1706528660065422,2023-08-02,91,1690934400000,2023,8,Été,214
0.59,0.4365931651132832,0.07,0.15118268930361028,2023-08-02,83,1690934400000,2023,8,Été,214
0.56,0.40688056079805884,0.06,0.1693768625858645,2023-08-03,99,1691020800000,2023,8,Été,215
0.64,0.4892562134502922,0.17,0.1625951138645676,2023-08-03,76,1691020800000,2023,8,Été,215
0.65,0.4873014905149051,0.13,0.16421558696655497,2023-08-04,95,1691107200000,2023,8,Été,216
0.56,0.4079171194667825,0.05,0.15872868627866463,2023-08-04,85,1691107200000,2023,8,Été,216
0.5700000000000001,0.4141752895223737,0.06,0.16080506932731073,2023-08-05,92,1691193600000,2023,8,Été,217
0.58,0.43602594339622636,0.15,0.14136122955944289,2023-08-05,91,1691193600000,2023,8,Été,217
0.53,0.2866778354833307,0.06,0.13256111049294542,2023-08-06,46,1691280000000,2023,8,Été,218
0.5700000000000001,0.4539154383242825,0.13,0.14119070267170006,2023-08-06,71,1691280000000,2023,8,Été,218
0.49,0.34463570063017746,0.05,0.12394406067865778,2023-08-07,91,1691366400000,2023,8,Été,219
0.52,0.378522473700988,0.11,0.11744604423749212,2023-08-07,78,1691366400000,2023,8,Été,219
0.35000000000000003,0.28050113895216405,0.2,0.062182527020592175,2023-08-10,6,1691625600000,2023,8,Été,222
0.35000000000000003,0.32390243902439025,0.25,0.03310589071449332,2023-08-10,5,1691625600000,2023,8,Été,222
0.32,0.32,0.32,0.0,2023-08-11,1,1691712000000,2023,8,Été,223
0.27,0.2228318584070797,0.14,0.065,2023-08-12,2,1691798400000,2023,8,Été,224
0.48,0.2918071065989847,0.17,0.08187707173124513,2023-08-12,21,1691798400000,2023,8,Été,224
0.65,0.4311228589553819,0.05,0.18350003377845509,2023-08-13,88,1691884800000,2023,8,Été,225
0.63,0.38986862016783597,0.07,0.17806959070249767,2023-08-13,91,1691884800000,2023,8,Été,225
0.63,0.39765966213432224,0.08,0.1694612013572196,2023-08-14,90,1691971200000,2023,8,Été,226
0.61,0.417444663432383,0.07,0.15321233123154335,2023-08-14,82,1691971200000,2023,8,Été,226
0.53,0.358549630206306,0.08,0.1429729841473792,2023-08-15,81,1692057600000,2023,8,Été,227
0.56,0.36852691992347636,0.09,0.15571161017345167,2023-08-16,91,1692144000000,2023,8,Été,228
0.62,0.4589606223981437,0.15,0.15226770821777025,2023-08-16,93,1692144000000,2023,8,Été,228
0.42,0.17512658227848102,0.05,0.08825208072372069,2023-08-17,11,1692230400000,2023,8,Été,229
0.91,0.3368951612903226,0.18,0.1511355880444277,2023-08-17,23,1692230400000,2023,8,Été,229
0.77,0.6733775137111518,0.12,0.17700650253326233,2023-08-19,38,1692403200000,2023,8,Été,231
0.74,0.5929229095170335,0.17,0.15008473243259565,2023-08-19,73,1692403200000,2023,8,Été,231
0.65,0.47210029657589636,0.06,0.16807783359838943,2023-08-20,99,1692489600000,2023,8,Été,232
0.61,0.4143819088703155,0.15,0.15155864695553736,2023-08-20,99,1692489600000,2023,8,Été,232
0.64,0.442181359170306,0.13,0.14388285090645964,2023-08-21,94,1692576000000,2023,8,Été,233
0.56,0.39295221112696144,0.13,0.13546669980551798,2023-08-21,88,1692576000000,2023,8,Été,233
0.72,0.49792353328938715,0.17,0.17880123216696875,2023-08-23,33,1692748800000,2023,8,Été,235
0.48,0.48,0.48,0.0,2023-08-23,1,1692748800000,2023,8,Été,235
0.61,0.39861642294713173,0.06,0.18989593762908072,2023-08-25,68,1692921600000,2023,8,Été,237
0.17,0.1459774964838256,0.11,0.020548046676563174,2023-08-25,9,1692921600000,2023,8,Été,237
0.65,0.4099373289151419,0.13,0.13750419936965827,2023-08-26,85,1693008000000,2023,8,Été,238
0.7000000000000001,0.40734629387923327,0.09,0.16230150269722676,2023-08-26,90,1693008000000,2023,8,Été,238
0.62,0.37011905595629935,0.05,0.1659072826066711,2023-08-27,91,1693094400000,2023,8,Été,239
0.61,0.38230072634657103,0.08,0.15772005986541654,2023-08-27,72,1693094400000,2023,8,Été,239
0.61,0.4277801153715645,0.15,0.12729651387428084,2023-08-28,94,1693180800000,2023,8,Été,240
0.53,0.3615298369845835,0.09,0.12941541816842336,2023-08-28,86,1693180800000,2023,8,Été,240
0.5700000000000001,0.3645109047721874,0.05,0.13889291049799227,2023-08-29,87,1693267200000,2023,8,Été,241
0.58,0.3978782905982905,0.06,0.1596416118510607,2023-08-29,92,1693267200000,2023,8,Été,241
0.71,0.41382279273638084,0.1,0.20995720198808773,2023-09-01,75,1693526400000,2023,9,Automne,244
0.71,0.40621416600511573,0.07,0.17932646093601665,2023-09-01,70,1693526400000,2023,9,Automne,244
0.67,0.4036408230004086,0.08,0.1515550869704951,2023-09-02,93,1693612800000,2023,9,Automne,245
0.62,0.4055719709475075,0.07,0.14013782278528503,2023-09-02,80,1693612800000,2023,9,Automne,245
0.24,0.16701476793248948,0.05,0.06588605483880657,2023-09-03,12,1693699200000,2023,9,Automne,246
0.26,0.1937023593466425,0.11,0.061010017392410396,2023-09-05,6,1693872000000,2023,9,Automne,248
0.97,0.8587931034482756,0.81,0.04715930449020768,2023-09-05,15,1693872000000,2023,9,Automne,248
0.67,0.46768082663605065,0.34,0.10629665842272193,2023-09-06,28,1693958400000,2023,9,Automne,249
0.32,0.26036105032822754,0.17,0.04455801461764949,2023-09-06,12,1693958400000,2023,9,Automne,249
0.89,0.7119236016371074,0.15,0.26214574438089755,2023-09-07,77,1694044800000,2023,9,Automne,250
0.89,0.5114769647696477,0.2,0.2576773818869144,2023-09-07,13,1694044800000,2023,9,Automne,250
0.8,0.5929508993680115,0.09,0.2342450178660403,2023-09-08,90,1694131200000,2023,9,Automne,251
0.8,0.5280748240700847,0.08,0.21025819458342934,2023-09-08,87,1694131200000,2023,9,Automne,251
0.88,0.6444769503546098,0.18,0.21643999507517947,2023-09-09,95,1694217600000,2023,9,Automne,252
0.78,0.5617372881355929,0.09,0.1989034700365028,2023-09-09,88,1694217600000,2023,9,Automne,252
0.76,0.5142743110987713,0.05,0.21224912569437063,2023-09-10,90,1694304000000,2023,9,Automne,253
0.7000000000000001,0.47070569828722,0.06,0.20762202039537464,2023-09-10,78,1694304000000,2023,9,Automne,253
0.45,0.25628205128205134,0.12,0.09927515074556953,2023-09-11,24,1694390400000,2023,9,Automne,254
0.52,0.4985276073619633,0.45,0.028613807855649116,2023-09-11,4,1694390400000,2023,9,Automne,254
0.37,0.2659183673469388,0.09,0.12023310692151308,2023-09-13,5,1694563200000,2023,9,Automne,256
0.6900000000000001,0.38585353661584587,0.1,0.18791824101486923,2023-09-13,28,1694563200000,2023,9,Automne,256
0.9,0.5852966856735563,0.13,0.21796741856423346,2023-09-14,75,1694649600000,2023,9,Automne,257
0.88,0.5741807335095925,0.11,0.2234684811428289,2023-09-14,94,1694649600000,2023,9,Automne,257
0.8200000000000001,0.48125777374047923,0.07,0.21795511294456754,2023-09-15,89,1694736000000,2023,9,Automne,258
0.79,0.4185016754427956,0.06,0.21314035887060204,2023-09-15,93,1694736000000,2023,9,Automne,258
0.92,0.5346214099216708,0.15,0.20614851559452418,2023-09-16,91,1694822400000,2023,9,Automne,259
0.8,0.43317024032234847,0.11,0.18538233458807377,2023-09-16,84,1694822400000,2023,9,Automne,259
0.8,0.38035645998361123,0.05,0.24342093172116488,2023-09-17,40,1694908800000,2023,9,Automne,260
0.47000000000000003,0.2918794998105343,0.05,0.12849736650572943,2023-09-17,69,1694908800000,2023,9,Automne,260
0.48,0.2821091997008227,0.09,0.12029951088154558,2023-09-18,34,1694995200000,2023,9,Automne,261
0.37,0.3170770877944325,0.25,0.046029881598805104,2023-09-18,4,1694995200000,2023,9,Automne,261
0.6900000000000001,0.6900000000000001,0.6900000000000001,0.0,2023-09-19,1,1695081600000,2023,9,Automne,262
0.99,0.8023260658241906,0.14,0.23777170807453182,2023-09-21,92,1695254400000,2023,9,Automne,264
0.97,0.7496005616005614,0.17,0.20239921989690562,2023-09-21,88,1695254400000,2023,9,Automne,264
0.89,0.6721118745228676,0.06,0.23858658796446794,2023-09-22,91,1695340800000,2023,9,Automne,265
0.85,0.5757192646757329,0.08,0.24462728368302813,2023-09-22,94,1695340800000,2023,9,Automne,265
0.42,0.2157880055788006,0.12,0.08656644846590389,2023-09-23,8,1695427200000,2023,9,Automne,266
0.63,0.6005045871559632,0.5700000000000001,0.019507833184534005,2023-09-23,6,1695427200000,2023,9,Automne,266
0.99,0.565614845219771,0.28,0.20404886057020807,2023-09-24,32,1695513600000,2023,9,Automne,267
0.7000000000000001,0.41767051807677985,0.09,0.21673218382642861,2023-09-24,27,1695513600000,2023,9,Automne,267
0.96,0.949282700421941,0.9400000000000001,0.010000000000005,2023-09-26,2,1695686400000,2023,9,Automne,269
0.42,0.4023255813953489,0.38,0.019999999999998897,2023-09-26,2,1695686400000,2023,9,Automne,269
0.72,0.4676338777060387,0.05,0.19885311300966155,2023-09-27,17,1695772800000,2023,9,Automne,270
0.39,0.33795918367346933,0.32,0.034999999999999656,2023-09-27,4,1695772800000,2023,9,Automne,270
0.88,0.7331066923241397,0.64,0.07005342956056665,2023-09-28,21,1695859200000,2023,9,Automne,271
0.96,0.8397719478738,0.72,0.06705615391429806,2023-09-30,36,1696032000000,2023,9,Automne,273
0.98,0.8332855482371173,0.59,0.10406683921784406,2023-09-30,44,1696032000000,2023,9,Automne,273
0.68,0.47026066350710893,0.32,0.12320533898965447,2024-06-02,15,1717286400000,2024,6,Été,154
0.52,0.5141935483870967,0.49,0.014999999999999174,2024-06-04,2,1717459200000,2024,6,Été,156
0.33,0.24634782608695657,0.16,0.0703957069398096,2024-06-05,3,1717545600000,2024,6,Été,157
0.76,0.6609042448173744,0.52,0.06338640161447326,2024-06-06,29,1717632000000,2024,6,Été,158
0.85,0.662964350453172,0.18,0.18710119151771068,2024-06-07,56,1717718400000,2024,6,Été,159
0.98,0.7850335900376865,0.32,0.16125841721241568,2024-06-07,67,1717718400000,2024,6,Été,159
0.91,0.8345945687511951,0.49,0.07704541130800502,2024-06-09,59,1717891200000,2024,6,Été,161
0.85,0.7100195336344768,0.51,0.09922832452385542,2024-06-09,38,1717891200000,2024,6,Été,161
0.99,0.7085914410181942,0.4,0.12951439916795468,2024-06-11,70,1718064000000,2024,6,Été,163
0.78,0.5311188486536678,0.17,0.1809097125632645,2024-06-11,38,1718064000000,2024,6,Été,163
0.87,0.5785791366906474,0.29,0.24984076561535215,2024-06-13,7,1718236800000,2024,6,Été,165
0.74,0.6008672180105672,0.18,0.16382097358232062,2024-06-13,54,1718236800000,2024,6,Été,165
0.3,0.15732006125574272,0.11,0.05946427498927407,2024-06-14,10,1718323200000,2024,6,Été,166
0.54,0.3177306967984934,0.13,0.12079617533817605,2024-06-14,13,1718323200000,2024,6,Été,166
0.76,0.6736316606311433,0.44,0.08669105422292966,2024-06-18,29,1718668800000,2024,6,Été,170
0.92,0.8433390473858212,0.67,0.04337682969552689,2024-06-18,49,1718668800000,2024,6,Été,170
0.92,0.7536242582139241,0.28,0.16547762685797715,2024-06-20,46,1718841600000,2024,6,Été,172
0.72,0.5825500526870391,0.18,0.17151615110320712,2024-06-20,57,1718841600000,2024,6,Été,172
0.8,0.6704675572519083,0.23,0.18021304720322548,2024-06-21,95,1718928000000,2024,6,Été,173
0.76,0.6668721782251498,0.23,0.14486306073412555,2024-06-21,82,1718928000000,2024,6,Été,173
0.76,0.7301327800829875,0.7000000000000001,0.01753963764987006,2024-06-22,12,1719014400000,2024,6,Été,174
0.29,0.25651598676957,0.17,0.04142463035441577,2024-06-23,10,1719100800000,2024,6,Été,175
0.29,0.2805019305019305,0.21,0.0341869858279433,2024-06-23,4,1719100800000,2024,6,Été,175
0.28,0.2545372460496614,0.22,0.01939071942966528,2024-06-24,5,1719187200000,2024,6,Été,176
0.97,0.7649235209235212,0.28,0.1603673868218965,2024-06-25,86,1719273600000,2024,6,Été,177
0.71,0.5838127361036156,0.13,0.1753109856176682,2024-06-25,71,1719273600000,2024,6,Été,177
0.25,0.20343096234309627,0.16,0.03699662146737188,2024-06-26,4,1719360000000,2024,6,Été,178
0.28,0.2672251308900524,0.23,0.020548046676563472,2024-06-28,3,1719532800000,2024,6,Été,180
0.3,0.28608365019011406,0.26,0.01785357107135653,2024-06-28,4,1719532800000,2024,6,Été,180
0.64,0.5240109846374271,0.26,0.08642315772614537,2024-06-29,72,1719619200000,2024,6,Été,181
0.8,0.5566531566640686,0.16,0.2106642767533213,2024-06-29,40,1719619200000,2024,6,Été,181
0.86,0.7003061934585944,0.58,0.09091290914353611,2024-06-30,37,1719705600000,2024,6,Été,182
0.65,0.5270456777996069,0.42,0.07242761904135764,2024-06-30,25,1719705600000,2024,6,Été,182
0.8200000000000001,0.6984042431846695,0.46,0.08750140657215125,2024-07-01,47,1719792000000,2024,7,Été,183
0.7000000000000001,0.5969106511862696,0.09,0.2300574847315161,2024-07-02,22,1719878400000,2024,7,Été,184
0.6900000000000001,0.3596228545618791,0.06,0.1813876710528972,2024-07-04,41,1720051200000,2024,7,Été,186
0.7000000000000001,0.3947305253623189,0.13,0.18699428842968824,2024-07-04,39,1720051200000,2024,7,Été,186
0.79,0.6451902927060097,0.21,0.1800510077584538,2024-07-05,97,1720137600000,2024,7,Été,187
0.58,0.4191573148337073,0.13,0.14752032028828846,2024-07-05,28,1720137600000,2024,7,Été,187
0.75,0.5742690591128519,0.07,0.20728664146247028,2024-07-06,77,1720224000000,2024,7,Été,188
0.78,0.6008880258899677,0.28,0.1817152561516582,2024-07-06,53,1720224000000,2024,7,Été,188
0.84,0.5730249303715779,0.06,0.24419928323104437,2024-07-07,96,1720310400000,2024,7,Été,189
0.68,0.5209538784067084,0.14,0.18417230383529415,2024-07-07,80,1720310400000,2024,7,Été,189
0.7000000000000001,0.5803974052577671,0.17,0.1720489918315173,2024-07-08,93,1720396800000,2024,7,Été,190
0.64,0.40100764732343686,0.05,0.17477243951271532,2024-07-08,51,1720396800000,2024,7,Été,190
0.73,0.5351269666022632,0.05,0.22432455711581678,2024-07-09,95,1720483200000,2024,7,Été,191
0.68,0.5059756512276405,0.11,0.18838311879248332,2024-07-09,95,1720483200000,2024,7,Été,191
0.71,0.5754552829040759,0.18,0.18048681821851448,2024-07-10,97,1720569600000,2024,7,Été,192
0.68,0.5400494739042574,0.16,0.1694224020715351,2024-07-10,87,1720569600000,2024,7,Été,192
0.67,0.5363058205447253,0.07,0.1896452872950166,2024-07-11,94,1720656000000,2024,7,Été,193
0.76,0.535509908168197,0.14,0.1821314306161028,2024-07-11,93,1720656000000,2024,7,Été,193
0.75,0.6074809989142236,0.21,0.1666791336483063,2024-07-12,96,1720742400000,2024,7,Été,194
0.61,0.4480202448210921,0.08,0.15296183518123327,2024-07-12,82,1720742400000,2024,7,Été,194
0.25,0.08886120996441282,0.05,0.08806563209081938,2024-07-13,3,1720828800000,2024,7,Été,195
0.06,0.06,0.06,0.0,2024-07-14,2,1720915200000,2024,7,Été,196
0.6900000000000001,0.49740261949311104,0.1,0.17814687971583007,2024-07-14,73,1720915200000,2024,7,Été,196
0.68,0.5368768895451029,0.14,0.16777006839049294,2024-07-15,85,1721001600000,2024,7,Été,197
0.6900000000000001,0.5577496779442674,0.17,0.1788986311339659,2024-07-15,95,1721001600000,2024,7,Été,197
0.67,0.5242965183620628,0.09,0.1935593788406179,2024-07-16,94,1721088000000,2024,7,Été,198
0.7000000000000001,0.4811859950179905,0.11,0.19380859850168042,2024-07-16,95,1721088000000,2024,7,Été,198
0.74,0.5900880996627432,0.2,0.16919558991630604,2024-07-17,93,1721174400000,2024,7,Été,199
0.67,0.502428084526244,0.11,0.17959564259550884,2024-07-17,94,1721174400000,2024,7,Été,199
0.5700000000000001,0.4463868167638681,0.05,0.15534423460631713,2024-07-18,97,1721260800000,2024,7,Été,200
0.59,0.44628803668195094,0.17,0.13929839484424467,2024-07-19,29,1721347200000,2024,7,Été,201
0.68,0.5221584142262828,0.11,0.12737687672830425,2024-07-19,69,1721347200000,2024,7,Été,201
0.64,0.5064242465941928,0.08,0.16806534631735823,2024-07-20,91,1721433600000,2024,7,Été,202
0.65,0.5227577123050258,0.13,0.15796878110078919,2024-07-20,90,1721433600000,2024,7,Été,202
0.61,0.42175622042436256,0.05,0.16656780814654357,2024-07-21,88,1721520000000,2024,7,Été,203
0.64,0.49323511398434844,0.11,0.18725531772588086,2024-07-21,95,1721520000000,2024,7,Été,203
0.64,0.5652216748768473,0.46,0.047686262087071316,2024-07-22,14,1721606400000,2024,7,Été,204
0.6,0.4045991853713491,0.25,0.05989522101136238,2024-07-23,80,1721692800000,2024,7,Été,205
0.65,0.4963967777170941,0.09,0.17875924500528098,2024-07-23,92,1721692800000,2024,7,Été,205
0.48,0.30499816432924587,0.07,0.08722353258541031,2024-07-24,85,1721779200000,2024,7,Été,206
0.62,0.4644436245572611,0.11,0.14028233831735012,2024-07-24,82,1721779200000,2024,7,Été,206
0.72,0.6062597707139138,0.25,0.1485679912199216,2024-07-27,46,1722038400000,2024,7,Été,209
0.25,0.25,0.25,0.0,2024-07-27,1,1722038400000,2024,7,Été,209
0.51,0.2980735551663748,0.11,0.12150720143267234,2024-07-28,20,1722124800000,2024,7,Été,210
0.15,0.12082219938335044,0.09,0.01910497317454284,2024-07-30,10,1722297600000,2024,7,Été,212
0.21,0.21,0.21,0.0,2024-07-30,1,1722297600000,2024,7,Été,212
0.16,0.13097058823529412,0.08,0.02973130702279911,2024-07-31,9,1722384000000,2024,7,Été,213
0.56,0.45812271731190646,0.32,0.07401392588215881,2024-07-31,14,1722384000000,2024,7,Été,213
0.63,0.4312206316249591,0.1,0.17686222579618407,2024-08-01,54,1722470400000,2024,8,Été,214
0.59,0.4487411509076889,0.13,0.13591000185238208,2024-08-01,87,1722470400000,2024,8,Été,214
0.5700000000000001,0.401031121380605,0.08,0.16005011436073172,2024-08-02,87,1722556800000,2024,8,Été,215
0.5700000000000001,0.38650291995877695,0.08,0.1652801851401244,2024-08-02,93,1722556800000,2024,8,Été,215
0.58,0.4269280223619846,0.1,0.1518391239656418,2024-08-04,87,1722729600000,2024,8,Été,217
0.64,0.4916000440480121,0.19,0.16412031656936968,2024-08-04,59,1722729600000,2024,8,Été,217
0.18,0.15016470588235295,0.06,0.031124748994971977,2024-08-05,12,1722816000000,2024,8,Été,218
0.39,0.39,0.39,0.0,2024-08-06,1,1722902400000,2024,8,Été,219
0.65,0.5237255310287379,0.38,0.09346231369719353,2024-08-06,28,1722902400000,2024,8,Été,219
0.3,0.24671378091872792,0.19,0.050497524691810354,2024-08-07,4,1722988800000,2024,8,Été,220
0.65,0.49792512342292916,0.18,0.14306668806665684,2024-08-08,93,1723075200000,2024,8,Été,221
0.52,0.3893654556864932,0.05,0.14628405480898474,2024-08-09,90,1723161600000,2024,8,Été,222
0.65,0.49856051580349003,0.17,0.14482871961282853,2024-08-09,90,1723161600000,2024,8,Été,222
0.6,0.46636722401080066,0.07,0.15109907783153426,2024-08-10,62,1723248000000,2024,8,Été,223
0.64,0.4363686280937551,0.06,0.15050048623472986,2024-08-11,77,1723334400000,2024,8,Été,224
0.61,0.46585170340681353,0.17,0.13813723473145673,2024-08-11,86,1723334400000,2024,8,Été,224
0.56,0.37420485729967073,0.06,0.1495917286534768,2024-08-12,93,1723420800000,2024,8,Été,225
0.55,0.36519463340891917,0.12,0.1467679406490631,2024-08-13,39,1723507200000,2024,8,Été,226
0.53,0.3646146645865834,0.09,0.12304752827617459,2024-08-13,55,1723507200000,2024,8,Été,226
0.72,0.35565465698371285,0.07,0.17592936413949145,2024-08-14,91,1723593600000,2024,8,Été,227
0.54,0.3838741387230133,0.06,0.15326508335541753,2024-08-17,73,1723852800000,2024,8,Été,230
0.61,0.4152453151618398,0.11,0.1709052859921112,2024-08-18,42,1723939200000,2024,8,Été,231
0.49,0.3556215277777776,0.1,0.12730194469829176,2024-08-19,88,1724025600000,2024,8,Été,232
0.52,0.34046361222683635,0.05,0.1404947332931117,2024-08-19,95,1724025600000,2024,8,Été,232
0.6900000000000001,0.4692194536175323,0.1,0.17694348402750612,2024-08-20,34,1724112000000,2024,8,Été,233
0.55,0.349482470784641,0.07,0.13114877048604012,2024-08-20,18,1724112000000,2024,8,Été,233
0.18,0.12433029908972691,0.09,0.020138409955990994,2024-08-22,12,1724284800000,2024,8,Été,235
0.41000000000000003,0.2479013426736719,0.07,0.10228483860581075,2024-08-22,42,1724284800000,2024,8,Été,235
0.55,0.37841327638120575,0.09,0.14753215462878932,2024-08-23,89,1724371200000,2024,8,Été,236
0.53,0.3904542297541325,0.09,0.11972646938450568,2024-08-23,89,1724371200000,2024,8,Été,236
0.73,0.6098681898066785,0.43,0.10635289135702923,2024-08-24,8,1724457600000,2024,8,Été,237
0.32,0.2841241685144124,0.19,0.05083306010855542,2024-08-25,5,1724544000000,2024,8,Été,238
0.66,0.3409,0.1,0.15349483646020345,2024-08-25,19,1724544000000,2024,8,Été,238
0.28,0.10349693251533743,0.09,0.0833999733546454,2024-08-26,3,1724630400000,2024,8,Été,239
0.7000000000000001,0.43063166053090474,0.06,0.20616463051475006,2024-08-29,63,1724889600000,2024,8,Été,242
0.48,0.23950187649266458,0.07,0.10725479794591784,2024-08-29,23,1724889600000,2024,8,Été,242
0.22,0.20388888888888893,0.18,0.01699673171197583,2024-08-30,3,1724976000000,2024,8,Été,243
0.66,0.5288971855255601,0.25,0.11123449939023163,2024-08-30,27,1724976000000,2024,8,Été,243
0.72,0.44714858590122414,0.05,0.19530276215394038,2024-08-31,88,1725062400000,2024,8,Été,244
0.77,0.4540259740259739,0.05,0.21753193986614586,2024-08-31,94,1725062400000,2024,8,Été,244
0.65,0.4346356900277862,0.05,0.16936796923494749,2024-09-01,76,1725148800000,2024,9,Automne,245
0.68,0.3724663523946164,0.08,0.17820926479981758,2024-09-01,92,1725148800000,2024,9,Automne,245
0.71,0.4494584615384615,0.07,0.1613248307281108,2024-09-02,79,1725235200000,2024,9,Automne,246
0.48,0.3994820717131474,0.28,0.08636164272021084,2024-09-02,6,1725235200000,2024,9,Automne,246
0.53,0.30948543170275333,0.09,0.13943461992100145,2024-09-03,46,1725321600000,2024,9,Automne,247
0.52,0.3602091597547783,0.05,0.16554623389118672,2024-09-03,48,1725321600000,2024,9,Automne,247
0.65,0.48256077529566355,0.2,0.11580826733852205,2024-09-04,72,1725408000000,2024,9,Automne,248
0.63,0.4319373970345962,0.17,0.11180739178222017,2024-09-04,56,1725408000000,2024,9,Automne,248
0.6,0.3270274937828128,0.05,0.15094128103789606,2024-09-05,92,1725494400000,2024,9,Automne,249
0.61,0.39215980206665707,0.09,0.13607512597567953,2024-09-05,84,1725494400000,2024,9,Automne,249
0.76,0.48043927466966535,0.14,0.14994347247551776,2024-09-06,88,1725580800000,2024,9,Automne,250
0.5700000000000001,0.34644946996466436,0.05,0.14185134050362888,2024-09-06,89,1725580800000,2024,9,Automne,250
0.61,0.39572937149515686,0.09,0.13862864627635751,2024-09-07,86,1725667200000,2024,9,Automne,251
0.59,0.42965875263196085,0.15,0.13572138650161616,2024-09-07,86,1725667200000,2024,9,Automne,251
0.42,0.3463558796152654,0.24,0.05727425481532005,2024-09-08,46,1725753600000,2024,9,Automne,252
0.45,0.3626129157499676,0.22,0.06347024674776469,2024-09-08,48,1725753600000,2024,9,Automne,252
0.33,0.17292929292929285,0.1,0.06407460928913704,2024-09-09,12,1725840000000,2024,9,Automne,253
0.7000000000000001,0.4531173824724317,0.09,0.17540422913549114,2024-09-10,85,1725926400000,2024,9,Automne,254
0.37,0.2535561877667141,0.05,0.0941776164513293,2024-09-10,46,1725926400000,2024,9,Automne,254
0.25,0.13093117408906885,0.07,0.057757575260739595,2024-09-13,8,1726185600000,2024,9,Automne,257
0.78,0.5360480182926829,0.06,0.21374670598862477,2024-09-14,18,1726272000000,2024,9,Automne,258
0.76,0.5077816617370261,0.15,0.19675627448716498,2024-09-14,27,1726272000000,2024,9,Automne,258
0.76,0.5293334988209011,0.08,0.2325751939706385,2024-09-15,54,1726358400000,2024,9,Automne,259
0.71,0.4756480970766686,0.11,0.18931386017489854,2024-09-15,36,1726358400000,2024,9,Automne,259
0.96,0.7368479978020467,0.2,0.2525092855230165,2024-09-16,89,1726444800000,2024,9,Automne,260
0.88,0.6128088125466764,0.08,0.22066367036370463,2024-09-16,81,1726444800000,2024,9,Automne,260
0.85,0.6080506651796385,0.15,0.21223592622163023,2024-09-17,77,1726531200000,2024,9,Automne,261
0.93,0.6784766656882883,0.2,0.17737389611619084,2024-09-17,64,1726531200000,2024,9,Automne,261
0.65,0.16502958579881657,0.06,0.16373420195209332,2024-09-18,15,1726617600000,2024,9,Automne,262
0.41000000000000003,0.41000000000000003,0.41000000000000003,0.0,2024-09-20,1,1726790400000,2024,9,Automne,264
0.64,0.64,0.64,0.0,2024-09-20,1,1726790400000,2024,9,Automne,264
0.77,0.3152434881087203,0.07,0.23520375966645723,2024-09-24,29,1727136000000,2024,9,Automne,268
0.77,0.3629861849096706,0.09,0.20354196946412137,2024-09-24,15,1727136000000,2024,9,Automne,268
0.87,0.5482290279627164,0.41000000000000003,0.11349387373334298,2024-09-25,16,1727222400000,2024,9,Automne,269
0.3,0.21339339339339336,0.13,0.061010017392410396,2024-09-26,6,1727308800000,2024,9,Automne,270
0.99,0.9016939456539014,0.08,0.16297409473764576,2024-09-28,30,1727481600000,2024,9,Automne,272
0.86,0.6459739822054463,0.14,0.19413016711343778,2024-09-28,99,1727481600000,2024,9,Automne,272
0.87,0.7990829694323144,0.71,0.04909049340972114,2024-09-29,9,1727568000000,2024,9,Automne,273
0.28,0.22455555555555554,0.17,0.046368092477478584,2024-09-29,4,1727568000000,2024,9,Automne,273
0.34,0.21750733137829906,0.07,0.07225239209372454,2024-09-30,14,1727654400000,2024,9,Automne,274
